0f000f000f000900e9c4e9cee9ee6d6a6ffa27ce23ce2182218221ee21ce21c4001000300030003098339c33bcb7b4b6b4b6be349f3485348534bdf49ce498248000c000c000c000c36ec3eec3fec1b6c1b2c3b2c7b2c6b2c6b2c7e2c3e203420090009000f000f05cf07c60fe60f660f760f760f7e0f7f0f7f0f69094909490,Presents from X
1f003f003f002300233c233e333e3f203f303b3c3b3c33663366737e637c435c000700070002000042c266e766f76677666776e736c73c873c071cf71cf70ce60000000000000000e170f3fdf3fd38c030c0f3f9e3f9c3d983cdfbf9fbf960700020002000300070c870f871fc719c319c319c319c339c739d739de399c399c1,Ravissant
0f003f003f0033002300233c333c33343f203f383b3c332e33263372637e637c0006000700030000000042e366e76667667766f736e73ee33e033c333cf31cf30000000000000000000072f9f3f9b3f938c0f1f0f1f0e3f983cd9bcdfbfdfbf900000020003000300070f8f1fcf1bc719c719c319c319c339c731d730de30de3,Ravissant
c000e000ff1fff3ffe3f70003800fc1ffc1ffe1f1f181e181818381cf81ff81ffe3ffe3f06300630f633f6333633363336333633f633f63306300630fe3ffe3f1c3c1c3c1c3c1c3c1c1c1c1c1e1c5e1cfe1cfc1c7c1e180e000e000e000f0007c006c0060000000000000000000007c007c000000000000000000000c006c006,右回り
7ffe7ffe080008007f7c5b7c7f445f4c4f7c7f7c7f303e103f946b96499e081018001900190018001800180018f018f398f3d803f801f800f8007900390000000080c087c08fc0cf00c600860786078707878087808fc0cdc0dde018601800003c003d0027003f003f0001007f003f803f803f007f003f003f003e007e003c10,東京レース場
08107ffe1cfc3e007f007f7c497c7f44487c7e7c3e103e103e966b96491a08100000190019001900180018c018f018f398f3d8f3f801f80078003800180000000080c087c08fc08f0086078607860786078380878087c0cfe0cce018601800003d183d003d003f003f003f0001007f801f007f007f003f003e003f003c003410,東京レース場
0487c4ff007f007f80ff80ff9fff9ee79ce798ff98e798ff18003c00fcffecff81ff83ff00fe00fe81ff81ff81ff01fc01fcc1ff818081988019c039c7f987f87f007f007f000f007f007f007f003f10ff10ff01c30043007e00ff00ff01df00f803f0010000000000000000000000c000c00000000000000000000000000000,道悪
0081ccffeeff003e003e80ff80e79fff9e87988798ff18ff3cfffeeffeff06f8000083ff07fc80ff80ff81ff81ff01fe81ff81ff01c0819f819f833983f801e00000ff017f007f00ff00ff007f000f007f00ff0037007700ff00ff00df010000e000e0000000000000000000000000c000c000c0000000000000000000000000,道悪
f0c0f0c0f8cff80fe007c003f003fc0fffcfffcff0c0f0e0f0f0f0f0f0f0f000ff03ff0fff0fff0fcf0fcf0fcf0fcf0fc30fc30fc303c303e103f003f003c00000c0f8fff8ff00000000f8fffcff7cfe7cfe7cf87cfc7cfe7ce03fe008ff00000330ff3fff3f00000000ff07ff07ff070f06031e3f3e7f3e7f3e7ffeff1f0000,初嵐
08207ffc1cfc1c001c007ffc49fc7f8c49fc7efc3e203e207eaceb2c4934083000003300330033003100310031c031e631e631c7b007f103f101f300310000000000003f003f003f003800180f181f181f1c0f1c003e003f8077806380610000f481b401f401fe01fe01fe010400fc037400fc03fe03fe01fe01f801f0018081,東京レース場
8801be018e01ae85fec7fec7fe47de439e41fe03fe03ff03ef026c020c000c00060006000efc7ffc7ffc7f0060006000707070f030e038c03cc01ec00e80000000c100e18fef8f6f8f6f0eed066d07e507e703e701e701f701bf03ff037d00300000070007000700070007000700070007800380030003000300070007000000,秋ウマ娘
cf00df00cfe0d6e2ffe2ff62ff23e623ce20df01cf01ef012503240324020400060006e07ffc7ffc7ffc70007000703030f038f03ce01cc01ec00e800e00000000c10fe18f6f8f2f0f6f06ed066d07e503e701e701e701a781ff83ff037100000100070007000700070007001780178007000700070007000300030003000000,秋ウマ娘
c000e000ff3fff3fff3f70003000f81ffc1f1e1c1e181e181818181cf81ff81f0000fe3f3e3f06300630f63b3633363332333233f23b063006303e3ffe3f023800000c381c3c1c3c1c3c1e1c1e1c1e1cfc1cfc1e7c1e181e000e000f000f000600030003000000000000000000c000c000c000c0000000000000000000000000,右回り
8101e3ffe3ffc03f801f80ffc7f7cff7ceffccffccc1ccff0c000e00ffffcfffc0ffc1ff00ff00ffc0ffc0ffc0ff00fc00fcc0ffc0ff40ccc01cc01dc01c41fc7f007f007f000f007f007f007f003f10ff10ff01ff0063006600ff00ff015f0000000000000000000000000000c000c000c000c0000000000000000000000000,道悪
f000fcfffc1ff80fc00fc003f003f887fecfffcff0cff0c0f0e0f0f8f0f8f030ff0fff0fff0fcf0fcf0fcf0fcf0fcf0fc707c303c303c303c303e103f003f0007cc0fcff00000000f8fffcff7cc07cfc7cfc7cf87cfe7cfe7cfe1ce008e000fe031eff1f00000000ff07ff07ff07ff07070703063f1e7f1e7f1e7f3e7ffc7ff0,初嵐
f000f0c3f8c7f88fc00fc003f003f807fe0fffcfffcff0c0f0e0f0f8f0f8f0f0ff03ff0fff0fcf0fcf0fcf0fcf0fcf0fc70fc30fc303c303c303e103f003f00378c0f8fff8fff0ff0000f8fff8ff78fe78f878f878fc78fe78fe78e038c008fc0310ff1fff1fff0f0000ff07ff07ff07070703063f1e7f1e7f1e7f3e7ffeff1f,初嵐
cf00df00dfe0ffe0ffe2ff22ff23cf20cf20cf20ff01ef036703340334032402060006fc7ffc7ffc7f0060007000701070f030f038f01ce01cc00ec00680060000e10fe38f678f6f0cef06ed062d07e783e783e701e701a701af81ff817f0130030b07090700070007000700030013801380030003000700070007000709030b,秋ウマ娘
fc01fe01ffe1cfe1fee07860ff23ff239f233022f00060003c00fc00fc01e001060006fc7ffc7ffc7f0060007000701070f030f038f01ce01cc00ec00680060000e10fe38f678f6f0cef06ed062d07e783e783e701e701a701af81ff817f0130030b07090700070007000700030013801380030003000700070007000709030b,冬ウマ娘
8001c001ffffffffffffe0007000f87ffc7f3e783e703e6038703878f87ff87f0000f8fff8fb3810381fb8bfb839b8399839983998bf181f3810f8fbf8ff188000008301870187018701c701e701c703c71f879f878f0787078007c007c0078000e00fc00f000f000f0007000700070007000700070003000300030003c000e0,右回り
1c00fc01ffe1dfe1ffe1f860fc61ff6317637800600048007c00fc00e0018000060006fc7ffc7ffc7ffc70006000703030f038f03ce01cc01ec00e800680000000c10ee18fef8f6f0f6f06ed066d07e503e703e701e701a781ff83ff037900000006030603000300030007001780178007000700070007000300030003000000,冬ウマ娘
c640c640dee0ffe0ffe0f360f7e0ffe1dde3dc73cc63ce41cf40c7408340804004003ed83fec7fecfee4f6c0ff18fbdc1ace7e0cffcc3cec186c186c184c08080f381dff1cce18ff1cff1f0000ff0f830f830eff1f701e270c6f06ff06fc04000006030603000300030003001380338013800300030003000300070007000000,外枠得意
00818cc1bcc1bcc1bec1e6c1e6c1e7c1fec3bcc7b8e798c79cc38ec186c182c100000cd83fd83fcc7fccede0e7f8771c77dc3accfe0cfeccfecc304c304c304c00001fff1cee1fee1fef1cff1f0000830fff0f831eff1f701f600e7f06fd06380000030003000106030603000300138033801380030003000300070007000300,外枠得意
4000ff0fff0f60006000fb0f1b0efb0f1b0cfb0f1b0cfb0ff3870380ff8fff1f0004831fc33fef31ef31ef3fef11ff1f1f1eff1ffe1ffe1fff1ff71fe61726070000007fff7f7f0f3e078c078c7f8c7fcc73cc610c303c303e303f38063f000f0000f00ff83f807f807ffe7ffeffc007f87ffc7f3c70787878783870f87ff87f,直線巧者
0000f003fe0f1f1f0f3f1f1ffc0fe001e001ff1fff1fee00ee00ff1cff18f11004000c119e31fe31fc01180e1c1fcc3bfe73ff3ffe3f9c3b8c338c3b8c3f8c1f00080cf83c383c3c3c7f1cff9ce3fcfffce3fcff181e381efafffaff1a181818000000000006000e007f80ffc0ffe0f3f071f03e603e003e003c003800000000,余裕綽々
ff0fff0f60006000fb0f3b0efb0f1b0c1b0cfb0f1b0cfb8f03800380f787ff1f823fc33fcb304f30cf3f6730ff1f1f1f1f1fff1ffe1fdf1ff71ff61fe6132603000000000000000000000000fe7ffe7ffe7f0000000000000000000000000000f07ffc7f3c003c00fc1f0000fc3ff83ff83fb833f833f031f071f0f33cf71c64,直線一気
1e06c03fe03ffe3f3f06803f9e3f000000009e1f803f9e39bf31bf31bf3fbf3f000c180ef80ff80ff81f9c3f9e33fe73f661f361f360e6307e387e3c3e3e380cfc7ffcff0ce00ce0fc7ff01f701cf83efc7ff8ff0070f033f837f83ff83ff83f70e070e070e070e07060706078607862f863f073f071603800380038003c001c,詰め寄り
0e06de3fc03f0f0f0f0600069e3f001f1e009e1f801f9f3bbf31bf39bf3f9e390000080cf80ff80ff81f9c3fbe33fe63f261f361e370e730fe387e3e3c1e00068007fc7f0ce0fc7ff83ff03ff01ff838fcff0077f033f833f837f83ff83f0010000070e070e070e070e0706078607860f073f073e079e0780038003c00380018,詰め寄り
10783ffe1e781c783cfc7efe3e001eff3e87fe8f7eff3ec71cc718ff98cf988100f701f780cf808f80cf81ff80ff819f839fc7f7c7f707c7038703c703f701f7ff81ffc107e00f60ff61ffe1f7c07f0077e077e0ffe0ffe07fe077e0ffc1ff010702ffffff7ffe19fe19ff3fff3ff001ff3ff83df83dfc1df71f633c60306000,積極策
e000e000e000e000e000e001e01fe01fe000e000e000e000e001f003ff3fde3fbc0ffe1f0e1cfe1ffe1f1e1cfe1ff000fe063806fe3ffe3ffe1f1c060e0600061800fc3f1e00fe0ffe1ff61f0200fe1fcc19fc19fc19f819f819fc3b0e710220000cfcfff87f803780379c7ffc7fe84700009834dc35dcb5ccf46cf46cf40064,上昇気流
e000e000e000e000e000e01fe01fe01fe000e000e000e000e000ff3fff3fff3ffe1f0e1cfe1ffe1f0e1cfe1ff000fc06fc063e063806ff3f3c0e3c0e1e060e06f83ffe3f1e001e00fe0f0000fe1ffc1ffc1fcc19fc18f818f838f8399e7b0e320c1ffcff98f780638063ec7fecff00600000c035d835dc35dcb5ccf46ef42474,上昇気流
8001c003e007ffffffff87e1c7e3e7e7e7effffc3ff80ff007e007e007f007f0007c003ec0ffc0ffc0ff001f001c001ee0fff0ffc0ff000f800fc007c003c0030ee03ee07fe07fe07fe01ee00ee00fe01fe0ffe17fe01ee00ee00ee00ee00ee0ff3fff1fff1fbe3b1c3100000000ff7fff7fff33ff00ff0fff1ff80ff807ffff,内弁慶
003fffffffffe07fc03fe0fff8fffeffffffffff7ff03cf03cf03cf038f030300000ff0fff0fff07000000000000ff01ff03ff03f003f003fc03fc017c007000ffffffff00fe00fe00fe803fe0fff0fffc1fff07f80780078007800f80ff80ffffffffff0000000000000000ff1fff3fff3f003e003e003e003e003fff1fff0f,布石
189818bcfffcffe4fffc99bc9998999099bcffbcff9c989c189c18bc189c1800c768e779c079c03fe03fe73fe73fe63f863ce739e17be03be03be77b673900083000fe9338f8faf1fab1bab1faf18a71faf18af1faf902f802b806a0fea300200f0c1f001f001f001f001f001f005e801f001f001f000f001f001f0007000200,中距離直線
e240f740f66c42fc66fc67fcff2cff087798279877d876d826186610ff10f210200020e020e2f8e2f907fd06b106b106b1069984998098c0d8e0d860e870e8200000c31fc71fc71f07000300c33fc33fc33f0306070207030e038e038c038801000000fe04fe25fe6fc02dc02de03d603d6031603870183018381c380c1c0c0c,軽やかステップ
000083e1c3e3c3e1c301c301c301c301c301c201e000e08060e070e070f0306000601f601ff01ff81cf80c1c0c1c0cfc0ee41fe01f803f8079c071f070f04070000000000f001f001f001e008eff8eff8fff07f8070003000300010000000000800180018001800180018003831f837f83ff83f980c180018001800180010001,リスタート
30003640fe61fe63ff6133c073e0ff63ff736c604c604c424643c743c343c04100807efc7efc00e000e000ecff6cfeec306c30ec30ec30ec30ec380c1cfc0cfc00c11fe10f3f017f01730f330cf70fff0ccf0eff0cff8eff80fb00fb0ffa0fc20006070607000700070007000700030013801780070003000300070006000000,先行直線
0000f83cfe3c7f38372032b0f2b8f2fc92f4d292c69246de47de674c604c2040300030f038f038e3b8039903198119819981f9c1e9c3e9e3a873e031e03180010000c307c30fc38f0380c19fe19fe19f010301030303830186018601c40080000000007f00ff36ff367f356035603d601930183018380c380c1c0c1c040c0000,巧みなステップ
0001ffffffff80078007e3f373e0f3ff73e073e0f3f0f3f003000700ffffffff0000c1f3807b007980f8c0ffc0ff80ff00f880fb80fbc0fbc0fbc0f9c07900787fe07fe078e07fe07fe0ffe0ffe1ffe17fe070e07fe07fe07fe07820782070200700ff3fff3ff73fc31fc11ff1ff6730071fff3fff1fff0ff80ff8fff0ff0006,直滑降
220467066e06ff0fff0fff0f030c6000ff8fff1ffc03fe076f0f671e630c60000806ff0ff001f001f001f001ff0ffe0fff1f0f3f0e0e1e0ffe0ffe1fff1f0f18062c0e7efe7f1e0e1c0e8c7fcc7ffe7ffe7fff7fde7f867f867f867c063c061408080c3e3c77fcf3fcf33c7f3c7e3c007c00f83fb87ffe73fe63da679a7f183e,栄養補給
66066606fe0ffe0fff0f630c6108ff0fff0fff9ffc03fc03670e670e671c61081c0fff0fe001e001fc0ffe1fff1ffe1ffe1fef1fff1f0e0e1e0ffe0ffe1f3f3f066c8e7f9e7f9c3f1c0e8c3f8c3fdc3ffe3fff7ffe7fce3f863f863e063c063c081c0c3e1c3ffe739ce31c7f3c3c7c007c007c00187f3a67fe63fe73d87fd87f,栄養補給
1870187318771cf79eff9f7f1e771c77187718f738777c773e07060700ff00ff80ff80ff80e387e387ff87ff87e187f183f981f9811980f98301870387ff87ffff01ff01e001e001ff01cf81c0e1c3e1c7e1c771c771c7e1c0e1e0e1ffe1ff01000e030f8f0fff0fff3fc73fc731fee1fce07ce07ce038703f381f3c0f3f0f0e,地固め
0000ffc3ffc303c303c3ffc3ffc373c0fb40fb40b340b3409b469bc79f07890700807fc0ffc0e0c0e0c07fc07fc07fc01ec07fc01fc0ffc0ffc0ffc07cfc78fc000001180118011c01ff81ff1fff1fcc01ce01c601c601c601c701e33ff33f73000084e1c0e1c6e1c6e1ce61ce61ce61ce67ce67c46780730070007000700070,尻尾上がり
f03cff3c3f30362032b0f2b0f2fcf2fcd2fc82d4429a469a47dc47dc604c2048300030e038f3b8e3b90319011981198199c1d9c1e9c3e8e3ac63e473e031c001c00fc30fc30f030003800380e19fe19fe19f03038303870386018601c4008000004000ff02ff36ff3560356035603f601d30183018301c180c1c0c0c0c0c0000,巧みなステップ
000077066606ff0fff0fff0f030c6000ff0fff9ffc03fc076e07670e630c61080000fe07fe0ff001f001fe0fff1fff1ffe1f8f1fff0f3e0f3e0ffe1fff1f1f3e04000e049e3f9e7f1c0f1c0fcc7fee7ffe7fff7ffe7fce7f8e7f863c063c063c00000c1c3c7efc77fc639ce31c7f3c187c00fc4fb87f3877fa63fa639a7f987f,栄養補給
30007680fec3fec7ff8373007380ffc7ffe7dcc0c880cc84ce8ec687c787c0810000f9f1f9f1f0e000200130ffb3f9b3c1b0c1b0c1b0c1b0c1b0e17079f039f00400ff887ff80ff80fb87f9861b87ff8617873f8737077fc00dc00d47fd07f100cc07f007f007f007f007f007f003f003e007f003f003f003f003f004f000cc0,先行直線
76407764766c42fc67fc67beff3edf180798279877d8765826106f10ff10f210300030e030f378e3fd03fd02f182918291c299c299c098e0c860e870e830e800c00fc30fc30fc30f03800180e19fe19fe18f03030303870386018601c4008000004000ff02ff36ff3560356035603f601d30183018301c180c1c0c0c0c0c0000,軽やかステップ
18bc18bc18fcfffcfffc99bc99989998999899bcffbcff9c189c18bc18bc189ce72be73bc039c03de03fe73fe73fe63fc639c738c73bc03ae03be03be73b273bfe01fe1170b030f8fab19ab1faf18a718a71faf10ae1fa7902f802b8fea0fea31f141f001f001f001f0019001f004f804f800f000f000f000f001f001f000714,中距離直線
80018003ffffffffffffc7e3e7e7e7eff7fe7ff80ff007e007e007f003f00100007c003cc0ffc0ffc0ff001e001c001ff0ffe0ff001f800fc007c003c003000018e03ce07fe07fe07fe04ee00ee01fe0ffe1ffe01ee00ee00ee00ee00ee00600ff3fff3fff3fbe3300000000ff3fffffff3fff21ff01ff1ff80ff80fffff0000,内弁慶
00001e06c03fff3fff1f3e06803f9e3f00009e3f803f9f39bf39bf31bf3f9f3f0000080c180ef80ff80ffc3f9e3f9e33f663f361f361e730ee387e3c3c1e30070002fc7ffcff9c739873f07fe01ff83cfc7ffc7f0030f033f837f837f83f183c000070e070e070e070e0706078607860f063f073f071f07800380038003c001c,詰め寄り
00103fff7ef83cfc1cfe1efe3fff1e001eff3e8f7e873e871cc718ff18cf9881000001c380ffc1dfc1df80ff81ff809f879fc797c7f783f781e701c701f707f70000ffe0ffe107600760ffe1ffe07f007fe077e077e0ffe07fe037e0ffe1ff6100001fffff3ffe31fe31ff3fffffe001ff3fff3ff83df83dfe1ffb1e61f86020,積極策
4000e000e000e000e000e001e01fe01fe000e000e000e000e000f001ff3fff3f0000fe1f0e1cfe1ffe1f0e1cfe1fe000fe063e063c0efe3ffe3f1c061e0606060000fc3ffe1f3e003e00fe0f0000fe1fcc1dcc1dfc19f818f818f83bde7b062300008c7ffcff80778073847bfc7fe8ff00008830d835d835dc35ecb46ef464f4,上昇気流
8000c3ffe3ff000f000fc0ffc0f1cfffcfe1ceffccffccffee00ff00ffff01fc0000c0ff01ffc0ffc0ffc0ffc0ff80ff00ffe0ff00c0c0d8c09dc03c41fc00f00000ff011f007f00ff00ff00ff007f001f10ff0103006300ff00ff00cf010000000000000000000000000000000000c000e000c0000000000000000000000000,道悪
ce00df00cfe0c6e0f6e2ff62ff62ff23ee21ce20df01cf016701340334032402060006fc7ffc7ffc7ffc700060007000703030f038f01ce01cc01ec00e800e8000c10ee18fe78fef0f2f04ed062d07e503e503e701e701a701a781ff83ff03710006030603000300030003000700178017800700030007000700030003000300,秋ウマ娘
1800fc03ff03ffc3ffc3f8c1fcc1ffcf3fcff800e00048007c00fc00f00300011c001c001cf0fff1ffc1ff01c001c001c0c0e080f080700078003c003c000000001800187f7c7f7c7f7c7078386818281d381f380f380fb80ef81ef80ce800800cc07f007f007f007f007f007b007f007f003f003f003f003b003f00770003c0,冬ウマ娘
e000ff1ff080f907fb0ffb0ffb0f1b0efb0f1b0cfb8ff38703800380ff1f0000020fc31fff30ef38ef38e730ff1fbf1fff1ffe1fff1ff71ff61fe617c603040000000000000000000000fe3dfe7ffe7ffe7ffe3c000000000000000000000000f000f87f3c00fc1ff81f0000fc1ff83fb833f833f031f071f8f33cf71c640040,直線一気
4000ff0fff0f60006000fb0f1b0efb0f1b0cfb0f1b0cfb0ff3870380ff8fff1f0004831fc33fef31ef31ef3fef11ff1f1f1eff1ffe1ffe1fff1ff71fe6172607000000000000000000000000fe7ffe7ffe7ffe7f0000000000000000000000000000f87ffc3f7c007c00fc1f0000fc3f983f9833f833f031f031f0773cf70c64,直線一気
1cfc3ff83efc1cfe18f8fcff7c001c001cdf3c873e871f8f18ff18ef18c798c301f700f780c781cf80ff83ff809f839fc79fe79fc7f707f707c703c701f707f7ff81ffc107600720ff61ffe07f00ff00ffe067e077e0ffe037e037e0ffe1ffe13fffff3ffe31fc30fc11fffff801f801ff3fff3fe031fc3ffe1f731c60786030,積極策
180018b818f87ffcfffcfffc99bc99989998ffbcff9cfb9c199c189c18bc188c8000e729e73be03be07fe13fe73fe63fc63cc739c73be07ae03ae03be73b277b0000fe11fe3170f070f0faf10af1faf10a71faf10af19af102f802b8fea1fea304001f001f001f001f001f001f001f005e801f001f000f000f001f001f00060c,中距離直線
3240fe61ff73ff31330033c0ffe1ffe3ff614c704c604c424442c643c743c3433efc7efc00c000c000ecff6cffec306c306c30ec302c30ec300c381c3cfc1cfc0fe00ff1803780370ff70c170fff0ccf0ccf07ff00ff87ef80fb80fb0ffa1fd2070b07090700070007000700030013801380030003000300030007000709000b,先行直線
f03cff3c3f30372032b0f2b0f2fcf2fcd2fc82d4429a469a47dc47dc624c6048200030e038e378e379073903190319039983d983e9c3e9c72ce7e867e073e0210000c31fc71fc71f07000300c33fc33fc33f0306070207030e038e018c018001008000fe04fe25fe6dc02dc03de03f603f6030603830183018381c1c0c1c080c,巧みなステップ
0870187318f79cff9eff9fff9c77187718f718773c777e073e0703ff00ff000080ff80ff83e387f187ff87ff87e183f981f9811980f980f983ff83ff81ff80017f00ff01f001e301cf01cfc0c3e0c7e1c761c770e7e0e7e1efe1ffe1ff01400000000706ff0fff1fff3fc77fc771fee17ee07ee0387038781c7c0f3f0f1e0000,地固め
7ec0fec306c30642fec3fec362c0f240fa41fa41f2c1a241b2c5b3e79b671a03ffc0ffc0e0c0c0c07fc07fc07fc01fc01fc07cc01fc0fec0ffc0ffc0fcf8f8fc011801180118011c017f0fff1fcc1fcc0fcc01ce01c601c601c61ff73ff33f73004080e1c0e1c2e1c6e1cee1ce61ce65ce67cc67807780710070007000300030,尻尾上がり
0070187318771cff1eff9eff9c77187718f718f738777c073e070fc700ff00f8000080ff83e387e187e387ff87f187f187f9813980f981f983fb830781ff81ff0000ff01fb01e001e001ffc1e1e1c3e1c761e771f771f7f1f7e1f8e1ff81ff0100000106ff0fff0fff3fcf7fc771c7e17ee07ee038f038703c781f3f0f1f0002,地固め
ffffffff80018001f3fff3f0f3ff73e07360f33f3300f33f03000700ef7fffffc0e1c0f380f300720078c0ffc0ff00fe00f800f080f3c0f3c0f1c0f1c071c3717fe07ee07ee07fe07fe0ffe1f0e1ffe1ffe07be07fe078e07f60702070207820e73fff3fff33e713c31fe1ffff3f070e070eff3fff3fff07f80ff8ff000f0006,直滑降
181818bcfffcffe4fffc99fc999c99909998fffcfffc9b9c199c18bc18bc188c8708e729e079e07fe03fe73fe77fe63f863ce739e77be03ae03ae07be73900083000fe11fef178f070b0fab18af1faf18a719af19a79faf9f2b802a8fea1fe2106001f001f001f001f001f001f001f801e001f001f000f000f001f0017000600,中距離直線
000cfffffffff0fff0fff0fffcfffffffffffff03cf03cf03cf038f000f000f00000ff03ff0fff07000000000000ff03ff03f003f003f003f803fc03f0010000fcc7ffff00fe00fe007e803fe0fffcfffffffc0f80078007800f80ff80ff8007f33fffff07000000000000000000ff3fff3f003e003e003e003fff3fff3f003e,布石
181818bc7ffcffe4fffc99bc99989990999cffbcff9c999c189c18bc18bc1880c728c729c079c07fe03fe73fe77fe63f863ce739e77be03ae03ae73be73900083000fe9378f0f8f0f8b1fab19af19af19a718af1faf9faf9fab902a0fea302000e0c1f001f001f001f001f001f005f801e001f001f000f001f001f0017000200,中距離直線
00018001fffffffffff3c7e187e1e7e7f7ef7ffe7ffc07e007e007e007f007f00000007c003ec0ffc0ffc0ff001c003cc0fff0ff003f001f000f800fc003c00100000ce03ee07fe07fe07fe01ee01ee07fe0ffe11fe00fe00ee00ee00ee00e004000ff3fff0fff0fbe3f00000000ff3fffffff3fff21ff01ff1ffc0ff807ffff,内弁慶
0800fc01ff01ffe1ffe1fce0f860ff639f633000700060007c007c00f801c0000000060006fc7ffc7ffc7f0060007000307038f038f038e01ce00ec00e800000000100e11fef9f6f8f6f0eed062d062507e783e781e701e701bf01ff037d01200000030007000700070007000700070013801380030003000300070007060306,冬ウマ娘
0030fcfffcffe0ffc0ffc0fff0f3fcfffffffcc3f0c0f0c0f0c0f0c0f0c000c00000ff03ff0fff07030003000700ff03ff03e703c303c303e303f303f30303000000fffffcff00ff00ffc03ff03ffcfffcfffc0fc0078007800f80ff80ff80070000ffffff3f0000000000000000ff0fff3f003e003e003e003fff3fff3f803f,布石
040004108410df11df11df114611669166d366d2077207720d360d300c10040000008001800300e300e198e0bc09be0d3eed1ce600c6000700e380e380e18000000008c018c019c019404140414061646164714031c039c039c019c00980000000000100030001008844dc6edcee50a858ac5cac5cae54aadfefddff895c0000,オペレーション・Cacao
0480e4e3fee37ec27ec2fee32422fee3fee3bfe3a6c726c724c324e3f4c67480200039b87ffc6dfc4dfc4ffcffbc7b98339833bcfbbcfd9c799c33bc31bc208c00028f8f8fcf81cf81ff87ff8fff89ff09c70fcf0fcf81c781c781cf9fcf9fc80000070007000700070007000300070017801380070007000700070007060706,根幹距離
8cc1bcc1bcc1bec1f6c1e6c1e7c1ffc1fec3b8e7b8e79cc78cc18ec186c182c10cd83ed83fcc7fccfde0e5f8f71877dc73cc3e8cfe0cfecc384c304c300c300c1fff1cef1cce1fee0cff0f0000830fff0fff0f830eff1f200e670eff06fd06b8030003000106030603000300030013801380030003000300030607060709030f,外枠得意
00007f007f007f0060006000607e60fe60fe6000600060007f007f003f000000400040004000fc01fc03fc03fcf3fcf160f06000600070003000380038003800009ee09fe01fe086408640de431e479f479b40924098c098e098e09c608e008e1f103f003f003f003f007f000e003f803f803f0033003f003f003f003f003f10,コーナー巧者
01f873f87218f818f818fbf823f86018f8f8faf8321823187318f9f9f9f900080700070f871fc63fc73ee7366766676227636723e733e639c739c71d070c0200f721f721e721c721ef21ff31f631f6b3f7e3f7e3f723f703ff01ff01d70100000c7f0c7f0c700c300c380c1c0c1cccffccff0e1c0e1c061c060e060f020e0000,注目の踊り子
0c462c463f0e3f0c3f000c020c632e673f723f703f302d182d1c6d0e6906080606000e000c000c3c087e026067606660667e707e306038601c601c7c0e7c067c000c060c0e6c0efe0cfe00fe40ec404c606c706c300c380c1c0c1c7c0ef806f800000c7c0c7c0c7c086000608060c020e0306070707078f83cfc1ccc1ccc0484,ポジションセンス
f003fc033f1f1f3e0f1efc0fe001e001e001ff1fff1fe4006e047f0c7f1873108c119e31fe31fe301c2e181e0c3ffc3bfe7bff7ffe3f9c330c330c3b0c3f0c3f087808381c3c3c7f1cff1ce3fcfffce3fce3f8ff381cf87ffefffe1e181c1818000000020006007f80ff80ffc0ffc0f1e072707e303e003c003c003800300000,余裕綽々
00183e383ff83efc308c3086108618f818f838f03ce07e7076706738633801183000f003f103f1e301f201f0f0f0f0e1f081808100803880f8c1f8c3f8c380e301030103011fc71fcf1fcf030f830782019f013fc13fc107800700060006000600c000fe00fe00fe00c000c01fe07f607f60006000700030003c001c001c000c,スタミナキープ
861f8e3f1f1c3f183e1c360c360cb63fbe3fbf3f1e0c1c0c3e0c3f0e3f0f06070c030c07ee3fe63f860c0f08ee18ce18ce18ce1ccc0ccc0c0c0cfc1ffc3ffc3f820fc63fe438e030e03fe03fef01ee3fec7fec70ec7fec7f0c001c00fe7fc67f8007fc7ff87ff07f8003fcfffcff800380039807983fbc07fc03fc03ccff887f,好位追走
00201f3f1f3f1e3f18301830183008101c181c183e1c3f0c370c3306210600002000330673073306330433003360336033303038181c181e180e180f080600000608060c067c067e067e0e661e663e7e7638663806300618061c061c040c000000d0005000fe00fe00fe7e387e107e54785400d400d600d600d600d200100010,スプリントターボ
00803efe3ffe3efe3080308038c018c018c038603c607e7076706738631841180002186319e319e319c3180318031803980398038001808180e1c0e1c0e1c0608001800180018081808180818c078c1f8e1f871d87998381838181018001800144002cfe3cfe7efe7fc00fc00cc80c787c787e387f180f080c0c080c08040806,スプリントギア
00005211de11de11d091d0d9d0d95f185e19d619de19de19de19de19fe19e0810000c63dc63dc625e72def3def3de635e635e635023f823fa31da31d817d017d0000c6f086c0c680f6f1fef3faf3863182f082f0c680c680c680e6c062f020700808091c097f097f091e093889ff887f0930093e097b893189010803087f083c,逃げ駆け引き
8004c616fe1ef01ee01ec01ec03eff16ee06cc36ec3e6c1e7c1e3e1cfe3f063f00000c3c0c1e0c1ece7fee7fee7f0e1c0618061c060c0e0e0e0e0e0f0e0780070000300cf07ff87ffc3ffc1ffe3fbc0ff87f980ff87ff87ff87f0c64cc6ccc4c000070e070e070e070e0706078607860f063f073f071f07800380038003c001c,逃げ焦り
0000fffffeffe00fe00ff01fe00ffffffe7fffff000000000ff00ff00ff0ffff00008083c0f3c0f1c0f040c080ffc0ffc0e3e1f1e0ffc0ffc0f9c0e1c0fbc0fd000031e038e03f603f60e7e0ffe1ff0143e07fe07fe03ce03ce03fe0ffe0fb6100021fffff3ffe31fe31ff3fffffe001ff3fff3ff83ff83fff3ff33c61f86020,善後策
1818ff3f8001c003c0078007fffffe7fffffffff000000000fe00fe0ffffffff000080e3c0f1c0f1c0e300c780ffc0f3c0e1c0f3c0ffc0ffc0e1c0c1c0ffc01903c033e03be01f600f60ffe0ffe1ff0143e07fe07fe078e03ce03fe0ffe140000702ffffff7ffe19fe19ff3fff3ff001ff3ff83df83dfc1df71f633c60306000,善後策
0001a281bec3b8c3b0c3a0c7a047bfc1b641a645b447b4c71ec31ec7fec7c247008070fc70fc30f87ec0feecfe6c60ec206c20ec306c30ec30ec380c18fc1cfc00800fe10ff1807780770ff70c370fff0ccf0fff0cff0cff80ff80fb0ffb1fd20000070007000700070007000700030013801380030003000300070007000000,逃げ直線
10001238fe3cff00ff0039783b78ffe8fff82cf824e824e926e1a7f1e7f8e1fc00000f20c77fc77fc77f0f300f300f300d100f180f1c0f0c0f0e0d070d07090000007c00fc01fc010000fc03fe83fee380f380738021c001e000f00070006000000008c60c860e060f06070e030e033e03fe03e603e603060306030603060306,先頭プライド
1278fe78ff00ff0013781178ff68fff8ffb834b824a824a826e9e6f9e7f9e3f80f20cf7fc77fc77f0f300d300f300f300f180f180f1c0f0c0f0f0f070d030d010000fc01fc017c000000fe83fec3fcf380f380718001c001e000f0007000700008060c460e460e0607060306033e037e03fe03f603c603060306030603060306,先頭プライド
0000e000e080f083ff9fff9ffe1e701c7818381818181c181e1e8e1f8f1f000f00000000018003f007f807fc073e070f070f073f037f00fe00f800e000c0000000001ef81ff00fe007f000f800f80000000000e000e000e007e00fe01fe01fe08801bf03870387038703bf03ff0387038703bfe3bfe3bce3b8e738ef3f3e3f1c,かく乱
64006c08fe18fe18fc08fe081808ff09ff080408fe08fe1877f077f0fef1f00100000000f00ff00fe00f000c000c00cc03cc030c030c030cf10ff10fe00f0000001800180018001800ff00ff1fff3f183f181f18001c001c000c000e0006000600c000800000000000000000fc01fe03fe03fc010000000000000000008000c0,差しコーナー
020007e007e007e00700070007000701c701e701e701ff007fe03fe00fe0030000003f007f007f007030707070f070e070e070e070e070f07f787f3c7f3c000806000e07060f070f070c03000300038003c007e00ff00ff80e7e043f001f0002800180618061800180038007833f837f83ff81f9804180018001800180018001,レコメンド
de03fe03fe03dec3dee79ee79e87de879f87dec7dfc79fc19f41db419b40020003604370437cff7cdf78df38d918d918d99c18cc18ec186c1eec1ee00ec0000000e000f702c71ecf1ede0cf604d604c607fe07fe1ec61ec71fc707e703600000037ce37ee07ce26ca26ca26ca2eca06ea37ea77ee07fe073e07f00ff00580000,静かな呼吸
000000183f183f3f3f3f307f301c3c1c1c1c1c1e061f061b061b061b0218021800000018121a121e121e121e321e331e335a337a337a333b233b613b61190000080018087818385a085a1c5a7f7a635a63187f187f3c7f3c577677667fe25e42002000fa00fe00fa00f000f800f818fe18fe187600fc00fc00be00fe00fe00fa,アオハル点火・速
de03fe03fe03ce03cce3dee7de87de879e879f87dfc7dfc79f419b4199409940036003704378e77cdf7cdf38d918d918d918d99c18cc186c1c6c1eec1ee00ee000f300f700c70ec71ede04d604d604c606e607fe0ffe1ec71ec70fc707f70760e37ce37ce07ee06ca26ca2eca2eca06ca04ea37fa37fe077e073e0ff00ff0079,静かな呼吸
24087e0c7e0c7e0c180c7e041804ff04ff840e847c847e8c36cc33fc3778ff780000f801f803f803f803000300f300f300f301f301030103f803f803f803f80100020002000200030007e01fe79fe79f07830783000380038001c001c001c0010018001800000000000000003f00bf81bf813f00000000000000000000000000,差しコーナー
400166037e0f700f600f600f708f7f837e8b6c8b6c0e3c0e7e0ffe0ffe8f020f0000c3e3c3e1c3c7fb47f967f96783618161c161c160c160c160e3e063e020e00810ff11fff01e701e70fe30c370fff0c3f0e7f0e7e0fff800b800a0ffa0ff201cc07e0067007f007f0067007f003f003c027f007f003f003f007f005f001c00,逃げ直線
3c3cffff8001c003c0038001fffffe7fffff0000fcfffeff0fe00fe0ffff00c000c2c0f3c0f1c0f040e400cf80ffc0e3f1e1e0ffc0ffc0ffc0e3c0c3c0fd800103c03be03f601f601fe0ffe0ff01c7e143e07fe03ce039e03fe03fe0ffe100003f3eff3ffe31fc10fe19fffff801ff3fff3ff831f83ffc1ff31c60f860306000,善後策
5010de11dc11d811d0d9d0d9df195f185e18d619de19de198e189e19fe19f291c67dc63de62de62def3def3de63de635e635c63d063f023f230f230d017d817dc6f0c6f086f08681fef3faf382118610863882f8c2f0c680c680e6e0e6f06270091c097f097f097f081888ff88ff08700830093e097f89018801883f087f007f,逃げ駆け引き
c206fe1ef81ef01ec01ec01eff16fe06fe06cc36ec3e6c1e3c087c1cfe3fc63f0c3e0c1e0c1c0c1cee7fe67f061e0e1c0e18061c061c0e0e0e0e0e070e078407300cf07ff87ffc3f9c0ffe7f1c0ff83ff83f980ff87ff87f08600c60cc6ccccc70e070e070e070e07060706078607862f863f073f071603800380038003c001c,逃げ焦り
ff3fffff80018001fcff8001fcffec7fee7fffff0000ffffffff0fe00fe0ffff80c3c0f3c0f1c0f040c080ff80ffc0f7e0e3e1e1c0ffc0ffc0e1c0e1c0e3c0fd018039e03f603f605f607fe0ff00e3c1e3e07fe07fe038e03fe03ff03ff07f603fffff3ffe31fc30fc1dfffff801f801ff3fff3fe031fc3ffe1f731c60786030,善後策
00005011de11dc11d811d0d9d0d9df195e185619de19de19ce18ce18fe19e0910000c23bc67fc64fc74fcf7fcf7fc66fc66fc66f027f027f831f031f017f017f00008cf18ce18cc1fce3fef7f6f38e31063186f186818601ce00ce00cee064e00000111819ff19ff19fe193819ff18ff1860197c197f197f19031903197f187e,逃げ駆け引き
861f8e3f3f183f183e18360c360cb63fbf3f1e0e1c0c3e0c3f0c3f0e060700020c060c0fce7fee3fcf1f0f10ef31ce31ce39cc19cc190c180c1cfc7ffc7f0400040c8c7fc871c07fc07fc07fdc03dc7fd861d87fd8ff18003800fcff8cff0000000ff8fff8ff00070007e0fff8ff000f3006307e387ef807f807f8ff18ff0000,好位追走
01f833f872187018f819fbf823f820187018f8f8faf8231823187318f9f9f9f90700070f871f863fc63cc73647764762676267636733c633c639c739c71d070cf721f721e721c721c720fe21fe31f631f6b3f7e3f763f723f703ff01df01d7010c7f0c7f0c7f0c700c300c1c0c1cccffccffccff0e1c061c061c060e060f020e,注目の踊り子
c640c640dee0ffe0ffe0f360f3e0ffe1ffe1dc63dc73cc63c640c740c340c34004f83ffc3fec3fecfce4f6f0f3187bdc3bec1eceff0cffcc1c4c184c184c184c1fff1cff1cce1fce18ff1f0000ff00ff0fc71f830eff1f200c670c7f04ff06f8030f030903040304030003000300138013800300030003000306030607000700,外枠得意
0480c4e1fee37ec27ec2fee324226ee2fee3bee3a7c726c724c364e7f4c674c0000039bc7bfc7de44de44ffc4fbcfbb833b833bcfbbcfd9c799c33bc31bc30bc00029f8f8fdf81df81ff81ff8fff89ff09cf0fc60fcf81c381c381df9fdf9fd80000030003000700070007000700070017801380030007000700070007000700,根幹距離
044005e00de01ee01fe01fe015e017001ee01fe01fe059e0dde0dfe097f006e06000fb10fb38f37cfb74fb55fb550855eb5af34cf04cb16cb16ce02ce32023000284828f9bcfbfcebec6bec7becfbfcfbf4fbf8fbf8fba879a8f828f028c0200f021f021b361f3e1f261b021f721b321f339f179e378a0e8a0a9b03993399331,汝、皇帝の神威を見よ
8003e7230f310f798f6be56be56bef0bef13e65be65be65bcd5bcd7aed236c0000008b41cf53dbebdbe3cee3c44bcf4bc04bce6b5ae84ee84ecace6bd763044002203e23b833beb29eb098b0bab298979a979ad438d41ed41eb61ee69ec30ac1000004801680378037c027c026c0a6caa6ce66c065406d402d400c4004400040,先頭の景色は譲らない…！
030007000f000d000900e984e9cee9ee6f6a6fee27ce23c62182218a21ee21ee0000002000300030003088b39cb3bdb3b4b6bcb69cb69f36853695b6bdb6bdf680008000c000c000c000c3cec7eec7fec1b6c1b6c3b2c7b2c6b2c6b2c7e2c7e200900090009000f000f04c607e60ff60f760f760f760f7f0f7f0f7f0f690f690,Presents from X
c4c3e4c37ec27ec3fee3e6e32ee2fee3fee3a7e326c324c364c3f4c3f480008033bc7bbcfde44dfc0ffc47bcfb987b9833bcfbbcfdbc71bc33bc31bc309c00801fcf9fcf01cf01ef81ff8fff8fff89cf09c70fcf01c781cf81cf9fcf9fc900400708070807000700030003001380138003000700070007000700070007000000,根幹距離
2000fe037000fcc1fcc1fcc1fe43ff438e43fe038e03fe03fc030c03fc03fc03000006000efc7ffc7ffc7f0060006000707070f070f038e03cc01cc00e800000000100e11fef9f6f8f6f0eed062d062587e783e781e701e701bf01ff037d01210000030007000700070007000700070017801380030003000300070007040304,春ウマ娘
044204c20cc29fc3ffc79fc718c31ac2dec2cee38ce31cc31ec21ec292e38243108038f8fe70ff38ff7801f838003c1c3dfc3d1c24fc2480a480e6fce6ece0c400000fb10ff887ff8fff0fff00f80cc30f780c790f788179817b8f7b9ffb8d83000003030301070007000300030003001380178007000300030007000709070b,対抗意識
6806682e7e2c7f0c7f0008432a672a662a702a306b386b1c6b1e490e080e080206000e000c3e087e007e43604760667c747e307e38601c601e7e0e7e0e7e0200020c0e0c0c7c0cfe08fe40ce404c604c606c706c380c3c0c1efc1efc0ef80000047c0c7c0c7c0c6008608060c060c030e0306078707838f83cdc1ccc0c840000,ポジションセンス
04002c463c0e3f0e3f043f000c433f633f723f303f382d1c6d1e6d0e0c060c02000006000e000c3e087e027e43606760767e707e387c38601c7e0e7e067e02000000060c0e0c0cfe0cfe48fe40ce604c604c706c380c380c1c7c0ef806f800000000047c0c7c0c7c0c608860c060c060e030e070707838f83ccc1ccc0c8c0000,ポジションセンス
000018007c003c007c007e0066f8e7f8c7f8c7f9c301c2018003800300010000c01fc01f801f001c000c000c070c0f0c030e030e001f001f803bc039c031c030ff01ff01fe8180f180b1d8b1d8b0d8b0f860f82058001c001c000c800c800e80807f80ff88ff8d7f0d600d600d700f30063006380638031c031c030e010e0106,ペースアップ
0600863fbe1f3f1c3f1c361c360c360eb63f1e3f1e0c3e0c7e0e7e0e260700030c030c03ee3fee3fee3f0e004f18ce18ce18cc0ccc0ccc0ccc0c0c0cfc3fec3f0006c63fe63fe038e038e03fe000ef3fee3fec30ec7f0c001c00fe3ffe7f023e8003fc7ffc7f800380038007fcfffc7f8003983f983fb803fc03fc07ecff007c,好位追走
003f003f0c0f3f0f3f0f2d3f213b212a2d2b2d3f3f3b3f0b0c0b000b003b003b3700373f373e7f3e3f203f207f207f203720332077207f203f3e3f3e7f3e7d00001000100010007e007f00ff3f7f7f7e7f18001800180018000c000c000c000c003800280000000000003e007e00fe83fe830000000000000000000000280038,中距離コーナー
0c3b0c3bbf0fbf0fbf8f2dbf2dbb2d2a2d2b3f3bbfbbad8b8c8b8c8f8c3b8c0912005700773f7f3e7f3e3f207f207f203a207f207f203f203f303f3f773e1000001000100010001000fe78fe7efe7f187f183e1800180008000c000c000c0004001800100000000000007800fe80fe83fe007e00000000000000000000000000,中距離コーナー
003cfffffcff003c003cffffffff0f3cffffffffc0ffc0ff3c3c1f3c073c003c0000ff01ff07ff07ff00ff01ff01f001ff01ff013f003f00ff07fc07e0010000600078007c1cfc0ffc03f801f0fff8fff8fff03fe1f9fff1ff71e331e311e001001fc03fe0ffe0ffffffffffffffffffffff801f803fffff7f3e3f1c001e001c,束縛
8001ffffe007e007f0fff3fff3f0f3f0f3ff73e0f3ffe3ff03000700ffff070000c0c1f3807b007bc0f8c0ffc0ff00fc00f880fb80fbc0fbc0fbc079c17100007fe07fe07ee07fe0ffe0ffe1f8e1ffe17fe07fe07be07f607f20702038203020c101ff3fff3fc71fc31fc13ff93f3f00ff3fff3fff0fff0ffc1ff0ff001e0000,直滑降
00000e007e003f100eb47fb47fb47fbc60fc60c060c03060386018201c300c00000060006000e003f903f90378e040f040f0f0e7f807f803f800c000c000c000000080008081809fe09fe01fe01f8f198f19801d800980018001801f801f001e400060027f067f0e7f0e3008308030c030e038e018701c780e3c0e1c060e0004,ラッキーセブン
80009140ff43f843f063f063f063ff60ff22f222fa23da639f639f63ff63c103008070fc38fc38f87fc0ffecff6c30ec306c30ec186c18ec18ec1c0c0cfc0cfc00801fe10f37813781370f370c370fff0ccf0fff0cff8cff80ff80fb0ffb0fc20000070007000700070007000700030013801780070003000300070007060006,逃げ直線
ffffffff003c003cffffffff0f3c0c3c3c3cf8fff0fff0fff83c3f3c073c033cff0fff0fff030000ff01ff01f001f001f801ff011f001f00ff01ff03f807800178007880fc07ff07f807f807f8fff8fff8fff8ffe001e3f1fff1f731e111e011ff1fff1fe01fe01fff1fffffffffffffff3f001e001c007fffff8f1f0c1f081f,束縛
a2c1bec3b8c3b0c3a0c3a047bfc3bfc1b641a447b447b4c31cc21ec3fec7c24770fc70fc30f870c0feecfe6c60ec206c206c20ec306c30ec380c18fc18fc1cfc0fe10ff1807780370ff70c370fff0ccf0ccf0fff08ff8fef80fb80fb0ffa1fc2070b07090700070007000700030013801380030003000300030007000709000b,逃げ直線
0c3b0c3b9f0fbf0fbf8f2dbb2dba2d2a2d2bbf3bbfbbac8b8c8b8cff0c3b0c0013005736773f3f3e3f3e3f207f207f20322077207720373e373e373f773e10000010001000100018007e7e7e7ffe7f187f183e180018000c000c000c000c0000001800100000000000007e00fe80fe83fe007e00000000000000000000000000,中距離コーナー
33f823f8f818f819f9f963f822187818f818f8f862f8231823187118fdf9f8f90304830fc33fc33fc33467366766666667636773e733c731c639c71d87090700f721e721e721e720e721ff31f631f6b3f7e3f7e3f763f703f703d703d703d3030c7f0c7e0c7e0c780c380c1c8cffccffccff0e1c0e1c061c060c060e060f0207,注目の踊り子
04c20cc21fc2ffe7ffe798c71ac25ec2dec2cec31cc31cc21ec31ec39243000310e07cfcff707ff801f800003cfc3d1c2d1c2cfc2c8024b8e4bce6fc62e4000001030ffb06f98fff8fff00f80ffb0c000c7b0f7b0179897b8dfb8ffb93cb00000106030603000300070007001380138003000300030003000700070007000300,対抗意識
04c20cc29fc3ffc7ffc718c31ac29ec2dee3dce3cce31cc21ec21ec392e3824330fcfc78ff30ff7001f834003cf83cfc3dfc2d1c24fca480a4b8e6fce6ece0c40fb307f807fc87ff8fff00f80fc30ff00ff80c790f78017b097b8f7b9ffb8983030b03090300030003000700030011801380030003000300030007000709030b,対抗意識
61036f330f310f79656b616aef4bef0bef1bc61b865ac65bc45bcd7bed2aed229f509353d3db5ffbcfebc44bde4b404ac04bce6bcaeb4ee84ee84eead76b97493e23bc23beb28eb09eb098b09a82988798979ad41cd41e941e941ec69ec39ac30080048035803780378027c0a6caa6caa6ca26ca67406d006d002d400c400440,先頭の景色は譲らない…！
c4c3e4c37ec27ec2fec364622ee27e63fe63fee3a7e324c324e364e7f4c774c031bc71bc79e4cde409fc41bcf9b87998719831bcf9bcf99c339c33bc11bc10bc9fcf9fcf01cf01ef81ff8fff8fff8dff0dc70fc70fcf01c381cf81cf9fcf9fc8070b070807060706030003000700178013800300070007000706070607000700,根幹距離
00282fa86fb86fbc68bc0cb40eb5869586918290c210c318630863082108000000141614361e365e165e02da829ac29ac288628862cc624c3244330613040200000238023806390f210f21c731c231e231ee310f31073907790668064804000400a09ca0bce1b8f190f108d00dd41dd619c6004200430c63bc61bc21b0200000,アングリング×スキーミング
9e019e01bec1aec1bec5fe47fe478e418e41de03fe03df03cf036c066c060c00060006fc7ffc7ffc7f0060006000603060f070f070e038e01cc01cc00e80060000e11fe79f678f6f0cef06ed062d07e783e783e701e701a701af81ff817f0130030b07090700070007000700070017801380030003000700070007000709030b,秋ウマ娘
e000f807bf1f1f1e1f1eff1ff807e000ff1fff1fec01ee046f0c6f18731820000c000c31fe31fe349c0e181f9c3ffe33fe73ff3ffe3f9c3b0c330c330c3f0c3f08780c783c1c3c1e3cf31ce3bcfffce3fcfff8ffd81cfe1efeff9aff1018101800000000000e000f00ff80ffc0f7e071f070703e203e003e003c003800000000,余裕綽々
0000f2380ef80ee80ee8e6f9a6b9aeb1efb1e6b1a6f9aeb9aeb9aab9f2b9e0b98000cf03e73bc13bc17fe13fe73fc57f85798739c73bc13ae13ae13bef7b6f7a2000fe11fe1130f030f0faf18af1faf10a71faf18af1faf1f2f802b8fea1fea304001f001f001f001f001f001f001f004e800f000f000f000f001f001f000710,短距離直線
0018ff7fff7fff3f001c001c001e000e000f800fc007e003f801f80078000000f003f87ff07fe0030000fcfffcfff8ff00f000700078003c001f800f800780036000e001e003e00700070000000000e000e000f000f800fee03fe01fe0070000c0f1c0718073807f003f023f031e031e031f013f003f807f80f3c0f1c0e10000,プランX
10003a447ec47cc478c4f8f4f8f47f843f84aa84eac46a446e446e44fe44f26400000100f803f803f903010301e300f300f300e300030003f803f803f00300000000000200020002e01fe01fe79f07c707c707830003000380038001c00180000000000000000000000000003f003f80bf81bf81000000000000000000100030,逃げコーナー
38447ec47cc478c4f8f4f8f4ff843f842a84ea84ea44ea444e444e44fe44f0640100f803f803f9030103010301f300f300f3000300010001f801f801f8010000000200020002e00fe01fe01fe79fe78f07830003000380038001c001c001c001003c001c0000000000001f003f00bf81bf8100000000000000000000001c003c,逃げコーナー
e2b9f6b90ee80ee8e6e9e6b9a6b1ef81eef9a6f9aeb9aeb9aeb9f2b9f0b900808739cf3b8179c13fe13fe73fe77fc53f8538c73be37be13be13bef7bcf3b00083000fe9138f8f8f0fab1fab1faf18af1faf10af1faf9faf9f2b802a0fea100200f0c1f001f001f001f001f001f005f801f001f001f000f001f001f0007000200,短距離直線
2fa86fb86fb848bc08ac0ca506a586b586b18291c210c218e3186318610800001414341c345c24de249684928492c69ac698c28862c862cc724c320c3204020078027806720f230f210f210621e621e631ef310f730f73065a0448044804000498a0b8e1b8e130e100b100943994399419c600c600471c43bc63bc61b0212000,アングリング×スキーミング
000077e1f7e1f7c1e7c1c7e1fff3ffc33fc3ffc3ffe3e5e1e5e1e581f78180808000c380d9f0d8f8dbbcdf9cdbccdbccd9eedb6cdb6c437c603c6038f0103000008280cf87ff0ff78fe78dc709e098ef982f986f88ef0ccf0ecf07ef83ff8007e011e113c311e339c0ff80f9e3d7e3d7e3d7e3d7c3d1c15bc15f837fe37f0200,勝利の鼓動
ff0fff0f60006080fb0f3b0efb0f1b0c1b0cfb071b04fb8703800380ff8fff1f823fc33fcb304f30cf3f6f30ff1f1f1f1f1fff1ffe1fdf1ff71ff61fe6130603807fff7f7f0f3e078c078c7f8c7f8c7b8c718c600c303c303f303f38063e001ef81ff83f807f8077f87ffeffc007c007f07ffc7f3c60f87f38707870f87ff87f,直線巧者
0600fe11fe31ff31ff11fe11fe115e115e11fe11fe11e630466047e043e040008000807e807ec07fc079e079c078c078c478846886278627873f833f013e0030008086f186f186f186f186f186f186f19ed1ded1cc81c4f0c0f0e0f0c080408004690ffd8f7d8f018f018ffd871d877d8ffd1ffd01ff01ff0ffb0ffb01eb01a8,押し切り準備
0000e61f061cc01cc019c019e01fef1bce18cc38cc10cc00fe0ffe1ffe3f00000003f63fe61f80078007e01fe03fef1fce1fec1f6c3b2c133c13fe3ffe3f0000fe3ffe3fc631ce39ce39c631fe3ffe3fc001ff7ff80ff80ff80dde38c630c0004400fc7ffc1ffc18fc18fc1bfcf9f479fc79fc6ffc4e4c4ccc4eec4ffc470c40,迅速果断
121e123e7a3e7e3e7a3e033e0b3c0b3c0a242a262a3e2a26222232027e3e7e3e07007f227f627f624f225f225f237f237f2e7f3e2f362f347f307f301c300c107a007e027e067f067f027e027e027e025f427f427e627a66323c233c231c2108180018e4184418e418f418fa78fe7846184618661866186618661826ff34fe20,位置取り押し上げ
10783ffe1e781c783cfc7efe3e001eff3e87fe8f7eff3ec71cc718ff98cf988100ee01ee001f801f803f81ff80ff837f877fc7ef87ef070f030e030e07ee03eeff03ff830f801f80ff81ff83cf83ff01cf81cf81ff83ff81ff81cf81ff83ff030c04fffffffff863f863ffffffffc003ffffe7f3e1f3f37bdf7dc3f0c1c0c000,積極策
8001f2390ef80fe8efe9e6f9a6b9ae91eeb9a6f9a6b9aeb9aeb9aab9f2b9c0990000cf2be73be13fe13fe73fe77fc53f8539c73bc73be17be13be13bef7b0f7a2000fc11fef170f070f0faf10af1faf10a71faf18af1daf102f802b8fea3fe2104081f001f001f001f001f001f001f005e801f001f000f000f001f001f000608,短距離直線
50005211da11d811d091d0d1df995f185619de19de19de19fe19fe19fa91000002000606861f8e3fcf3dcf244726466666664622c223c23bc3398319011900000000fe90fed1fe91feb180b180b18031800180018001fe01fe01fe81fe800000000c1c0c1d001d001d001d004f804e800e000700070007000300030001080008,逃げのコツ
3240fe61ff637f20330033c0ffe3ff636c706c604c604c42c643c743c34300401efc7efc00c000e47fecffecffec306c30ec306c30ec30ec38cc3cfc18fc00000fe10ff1813781370e330c330fff0ccf0fff0cff8fff80ff80fb0ffb0fc20002070f070b07000700070007001380138003000300030003000700070000000000,先行直線
ffffffff8007c007f3f0f3f0f3ff73e0f3ff73e073e003000700efffffff0000c0e1c0f3007b0078c0ffc0ffc0ff00fc00f880fb80fbc0fbc0f9c079c07100607fe07ee07fe07fe0ffe0ffe1f0e1ffe17fe07fe07be07f607f60706038600060e73fff3fff3fc71fc31ff13fff3f070cff3fff3fff0ff80ff8ff001f00060000,直滑降
78f0ffff8003800780078003fffffcffffffffff000000001fc00f80ffff0c80000081ef80e781c30180000c01ff80efc3c783ff80ff81ff8387830f83f30303060067807f803f803f80bf81ff83ff038781ff81f381f3807f80ff80ff8380010f1cfffff9f3f863f863ffffffffe003ffffe1e3e137f33fdf7dc3f0c1c0c000,善後策
39407dc47dc47cf478fc78f03f463f467b427e426e4666466f667f66792400200000f801fc03fd03f90381f380f380f380f380038003f803fc03fc03f80100000002000200020003e01fe79fc79f0783078307838003800380018001c0010000001800180000000000003f003f80bf813f003f00000000000000000000000000,逃げコーナー
8203e2f30ed00f90efd3eef36ef2ee41ef614ef12c712e710e71c2f3e2f3803300441e4f03ef03ef83ff9fff9eff12ff12e21fef9eef82eb82eb82ef9eef82400101f19ff19fc1838183d18f5108d18f5188d10cd18cd18fd18f1100f10ff00f61c0f9019f01ff01fb01bf01ff01ff00e700ff01ff00ff00ff00ff007f0163c0,短距離直線
c107f30f030e600ee00ce00cf70ff70d660c661c660c6600ef00ff1ffb1f00008107f33fc307e00ff01ff01ff71ff71fe60fe61ff61f361bbe1bff3fe73f0000fe3ffe3fce31fe3ffe3fc631fe3fe003e003ff7ff80ff80ff80fce38c630c0006460fc7ffc1bfc18fc18fcf9fcf9f479fc7ffc6ffc4e444cc44efc4ffc470c40,迅速果断
fe31fe31fe315e31fe11fe11fe115e115f11ff11fe11f621c620466047e042c0807e807ec07fc079c079e079c078c4788468842c862f862f8727833f833f011486f186f186f186f186d186d086f096f09ed09e90ce80c4f0c0f0c0f0e080e08005ff0ffd8f018f018ffd87fd8f058f0d8ffd8ffd01ff0ffb0f7b017b016b0169,押し切り準備
eec2eec2ee83ee83ce83eee3fee37ec6fec4fec7eec7ccc3ce83ef82a8810001c300f3c0f1f0f1f8f398f79cf7ccf3ccf3c4f74cf76cc17c413861386120000000c703ff07f78fc78fcf09cf08e298ef982f886f88e70ee50fef87ff835f0000e013c310e37fe1ffe1ffe1f3e3d7e3d7e3d7e3d3e1dbc15fc15fe37fe16f0000,勝利の鼓動
3000f0c0f8fffc1ff80fc007c003f00ffccfffcff0cff0f1f0f0f0f0f0fcf0000000ff03ff03ff03cf03cf07cf0fcf0fcf0fc303c303c303c103e003f003c000000038f0fcff00000000fcfffcff7cc07cfc7ce07cfc7cfe7cfe3ffc08f000f000000f1cff3f00000000ff07ff07ff077f06031e3f3e7f3e7f3e7ffe3ffc0f30,初嵐
e2b9f2b90ee807e8e7e9e6f926b9ee81efb1a6f9a6b9ae99aab9a2f9f2b9c0998619cf1bc139c17fe13fc73fc77fc57f8538c73be77be13ae13ae17bef3b21083000fe11fef178f070b0fab10af1faf19a719af19a79faf9f2b802a8fea1fe2106001f001f001f001f001f001f001f801e001f001f000f000f001f0017000600,短距離直線
fc03fe03df038f03ff0f070efe0f060e060efe0f060efe0ffe0ffe0f0e0f0f0e060f060f060e070ef73ff33f070e070e030e030e03070707070787038703c201e000f0007000700038003800f801fc03fc03fc03bc239e738e7f0e3f063f060ef87ffc3f7c007c00fc1f0000fc3fb83f983bb833f833f031f073f0f73cf70c44,負けん気
300830083808183f1c3f0c7f0e3e0f1c0f0c0b0c080c080c080608060806080200001f7f3f7f3e7f78601830183018361c1e1c1c1e1c3e1c371c331823180010007e3e7e3e3e3e003000100018fe187e187e1c183c183e18660c660c43040004004000fe08fe58fe7e407e407e607e607e602070303030303018101818180000,イナズマステップ
3000fc071e07ff1fff1ffe1f0c1cfc1f0c1c0c1c0c1cfc1ffc1f1c0e1e3e00100004040e0c0e0c3eec3fee3fce1f0e0c060c060e0e0e0e060e078e078c0300000000f00070007000780038003800fc01fc03bc039c239e778e7f863f061f00063000f87f3c00fc1ffc1f0c00fc1ffc3fb833f833f033f033f073f8f71ce60000,負けん気
f2f9eef80ee80ee8e6f9a6f1aeb1ef91ef91eef9a6b9ae99aab9abb9f3b9e0b9ef7bef7b81798139c13fe73fe73fe53fc5398739c73bc13ac13be13bef7b6f7afe01fe1130f030f8fab19ab1faf18af18af1faf00af0fa7802f802b8fea0fea31f141f001f001f001f0019001f004f804f800f000f000f000f001f001f000714,短距離直線
8001f2390ee80fe8efe9e6f9a6b9ae91efb9a6f9a6b9aeb9aeb9eab9f2b9c0998000cf23c17bc17fe13fe73fe77fc53f8538c73bc77be17be13be13bef3b0f1a2000fe11fef170f070b0fab10af1faf10a71faf19a61faf1f2f802b8fea1fe2104081f001f001f001f001f001f001f005e801f001f000f000f001f0017000608,短距離直線
820fe61f0018c018c019c019ef1fce19cc38cc38cc101c00fe1ffe3fe63f0000c21ff63f0007c00fe01fe01fef1fee1fcc0fec3f6c132c133c13fe3ff63f0000fe3fee3bee3bfe3ffc3fcc31fc3fc001fc3fff7ff80ff80fdc1cce38823080006c78fc7ffc1bfc18fc18fcf9fcf9f4f9fc7f7c6e644c644ce44efc4ffc470440,迅速果断
eec2eec3ee83ee83ce83cec3fee77ec67e86fec6fec7cec3c983cf83ee83a081c300d3e0f1f0f1f8f1b8f7dcf7ccf3ccf3ccf74cf74ce77cc17cc138e138610080cf83ff07f70fe78fcf09c018ef98ef98ef980f884f0cc50ec70fef87ff831fe013c310c339e3ffc0fde1d7e1d7e3d7e3d7e3d7c1d1e1df815f815fe3fff347,勝利の鼓動
01009b8e9ecb9ecf9e6e9b2a9baf99af9bad9baf9eaf9e6fbe6f9e479f0689040000f000f37df37df37d834c824c864cc64cc64cc24c624c637c637c217c000000003e003e003ecf3ecf304f304630461846180618061c060c0f0c0f0c0f00000000200120012503f703f703f703a7f9a2f9a201a201a3018300810081008000,弧線のプロフェッサー
ff0fff0f60006000fb0f3b0efb0f1b0c1b0cfb0f1b0cfb8f03800380ff8fff1f833fc33fcb304f30cf3f6f30ff1f1f1f1f1fff1ffe1fdf1ff71ff61fe6130603fe7ffe7f06600660f663f6673666366636663666f667f66306600660fe7ffe7f38fff8ffdc038c03c07ff063f861fc739c079e079c7f987f987f183f183f98ff,直線回復
800008005c007e003e00770077f863f8e3f8e300c301c00180018001800100000000801f801f801f00180018031c0f0c0f0e001e003f803f807bc073c07180000000fe03fe83fea380618061f061f061f060f0003800180018001c000c000c0000c000ff81ff19ff1bc00bc00be00f600f600c700e300638071c031c030c0300,ペースアップ
c21fe61fc01f0018c018c019ef1fcf1fce19cc38cc38cc101c00fe1ffe3fc63fe23ff63f00030003e03fe01fef1fee1fcc0fcc0fec3f6c133c133c13fe3fc63ffe3fce3bde3ffe3ffe3fce31fe3fc001c001fe7fff7ff00fd80f9c1c8c3880206c78fc7ffc1ffc197c18fcf9fcf9f4f9f4f9fc6f7c6e644c644ce44efc47fc44,迅速果断
127f127f7a7f7b3e231c037e0b0c6b3c6b7f2a672a672a67227f363f7e027e3e0f627f627f627f224f225f227f227f237f2e7f267f363f323f307f307f105c107a047a067e066f067e027e027e027e424f427f427f627a643264233c233c231818e41864184418e618fe78fe78627846184618421866186618667e26ff26ff30,位置取り押し上げ
e2b9f2b90ee807e8e7e9e6f926b1ee81efb9a6b9a6b9ae99aeb9e2f9f2b980898609c70bc179c17fe13fe73fe77fc57f8538c73be77be13ae13ae13bcf3b01083000fe11f8f178f070b0fab18af1faf19a718af1fa79faf9f2b802a8fea3fe010e0c1f001f001f001f001f001f005f801e001f001f000f001f001f0017000608,短距離直線
3000fc0f1e07ff3fff3ffe3f0e00ee1fee1f661c661e661c67186738e21f00001e03de0ffe3dfe1ffe1fce1f0e07de3fde1ffe1ffe1f8e0f820fe23de2180200fe3ffe7f06700660f667f627362636663666f627f62706600660fe7ffe7f0220c473cc7fe8f7e077e07be0f9ec71fc67fc7ff877986718003c00fc7f9cff0000,危険回避
c001ee1ffe1ff001c001c001ff3fe01fc001fe03fe0fc70fc71fee19fe01f0018001c03ffc3ff81f801f803ffc7f000f600ffc1f1c0e0e043e047c0efc1f00038003fcffc00fc01fc03fe47fec71ec71ec70ec70ec7fec7fcc3f1c00fcff0c006000f000f0007000700070007000704070e070e070f0f0f0f07fe03fc01f0000,まき直し
7900fd18fd18f818f848f8e8ff187f18fa08fa09ea18ca18ff18ff99fd99008003000306831fc73fcf3ce73663366366636763336333e33bc339c11d011c00000000fe90fed1fe91feb180b180b18031800180018001fe01fe01fe81fe800000000c1c0c1d001d001d001d004f804e800e000f00070007000300030001000000,逃げのコツ
0000ff30ff71ff71c361c301c301c300c100e000608060c070f030f0387018300030003f803f801f800d000ccc7fce7fce7f071e0306030601060107000700030000006018e018e018c0fc03fe03fe01b801b801b001308030c030e030e070e00000007f007f007f00700030183018301c380c380f7c077c07ef03e781c780c1,ワンチャンス
08f00cfe1efe3e8e3c8f1c8ffcfffcfffc81f89ff89fffffffff98ff98e3108080ff83f9833f83ff87ff8707839f81ef83ff81ff81ff819f819f819701930000ffe1ffe1c7e1efe07fc07f807f80ff807fe0fff07fe0ff00ff007f00fff00000ff3f013cff3f033c033cff3fff3fff03ff3ff001ff3fff3ff001f001ffff0000,绮罗星
0cff1cff3efe3ece1c8f1c9ffcfffc80fc80fc9f189ff99ff9ff99ff98e318c181ff831f833f83ff83ff8107839f87ff83ff81ff819f819f019f019f019701977fe0c7e0e7e1ffc07f807f80ff80ff81ffc07fe0fff07fe0ff00ff007fe0fff0ff3f0130033803380130ff3ff901ff01ff3fff3fe001ff3ff001f001ff3fffff,绮罗星
04009e03fe03fe03ce83cee3dee3de87de879f87dfc7dfc79fc39f41db41db410000032003706378ef7cdf7cdf38d918d918d89c18cc18ec186c1ce41ec00e80000000f300f71ec71ece1ede04d604d604e607fe0ffe1fc61ec71ec707e307600000e37ce37ee06ee06ca66ca2eca2eea06ea37ea77fe07fe077e07320ff0059,静かな呼吸
0000c000fe1ffe0ffe07c001ff3fff3fc001f801fe0fcf0fc71fcf19fe01f8018001c033fc3ff81ff8078007fe7ff40f000efc0fbc1f1e0f0e001c00fc1fc00f0002fcfffc7f80078007cc7fec60ec7fec60ec7fec71ec790c000c00fcfffc7f0000f000f000f000f00070007000700070c070c070e0f0f0e07fe07fe01f0007,まき直し
3800fc078f07df0fff0fff1f0f00f70ff70f330cb30f330f330e3318f10fc00f0f028f07ff1dff3cef1ec70f8707c71fef3fff3fff3fdf0fc30fe11f711811000000fe7f767f06700670f6773666366632663266f27706700670f67ffe7f0270c020cc7fecffe07fe07fe0ffe078fe67fc77f87f98671823bc33fc7ffcff0000,危険回避
127f127f7a7f7f1c3b1c037e6b1c6b3e2a672a672a67227f223f7e027e3e00020f627f627f627f624f225f227f237f2b7f2e7f2e3f323f307f307f101c1008007a047e067e067f067e027e027e027e427f427f627a667266223c233c221c0000186418e4184418fe78fe78fe7864184618461866186618667e66ff26ff340000,位置取り押し上げ
c080f783e7c1f7e1f5e1e7e1ffc307c0f7c1f7e3f5e377e337c337c3b1813081000000c01df01ff83f9c3f9c33cc31cc30e630ec306cf07cf03cf0382020000000ff01ff07870f830f830d83088318ff18ff08830c830e830fff07ff07ff00010106030603000300030003001380138003800300030003000300030003000100,晴れの日
6000ff0ff80ff001f001f30f1b0efb0f3b0e1b0efb8ffb8ff3870380ff1f0700000ec33fff30ff38ef39e731fe3fff1f1f1efe1fdf1ff71ff61ff607e6030002007ee07fff073f071e078c078c7f8c7f8c630c303c303f303f381e3c003f000fc003fc7fc07fc07fc07ffcffe03fe00ffc7f3c70f87ff87f78787870f87f3870,直線巧者
3f183ff83ffc3efc10c610c618ce18f81c781c703c303e306718631c431c00083080f881f081c0e100f000f0f8c0f081f08100c000c07cc0fcc3fc63e063002181018103c10fe71fef0f0f0301830183e19fe01fe01f00070003000200020002004000ff00ff00ff006000603f603f703f7000300038001c001c001c000c0000,スタミナキープ
e000e000e000e000e00fe01fe01fe00fe000e000e000e000fe3fff3fff3f0000fc1ffe1ffe1f0e1c0e1cfe1ffc1ffc047e063806ff3ffe1ffe0f1c060e0600067800fc3f1e00fe0ffe0f0000fe0ffc1fdc19fc19f818f818fc399e7b0e730020040cfc7fd87f80738073dc7ffcffc041c025d835dc35dcb5ccf46cf464f40064,上昇気流
e2f9eef90ee806f8e6f9a6b9a6b1ef91eeb9a6f9aeb9aeb9abb9f3b9e0b90080cf7bcf7b8179c13fe13fe73fe73fc53b8539c73bc17bc13be13bef7b4f3a0008fe01fe1130f8f8f0fab1dab1faf10a71faf10af1faf902f802b8fea1fe2100201f1e1f001f001f001f001f000f004e800f000f000f000f001f001f0007000200,短距離直線
00201f7f1f7f1f7f18201820183018301c301c301e183e18370c370c23040100620262066206620e620c2240224032603270327030383038301c100e180e1806040804f804fc04fc0cce0cc63c4e7c7a7c786470447004300438041c041c040800b0003000fc00fc00fc00307e30fef4fefc00fc00fc00b400b400b400b40030,スプリントターボ
06c2fec3fec304c300c0fcc3f0c073c623c622c460c0fc8300000c039e03fe03600060e060f860f8609c60cc60cc62cc67ee736c736c307c307838783830380000fe03fe07ff0f830d830d831cff18ff18ff1c830c830c830f830fff07ff02ff030303010300030003000300030013801380030003000300030003000309030b,曇りの日
0000000038003c007e007ec07ef0e7f8c7f8c7f1c301800180030003000000000000c01fc01f801f001c070c0f0c0f0c0f0e000f001f801fc039c031c030000018003800b800fe01ff01fe8030c030f0f0f1fe01ff017e0070006000600060000000807f80ff80ff007f0f600f700f700f300038003c001c001e000e00060000,ペースキープ
e039fc3f7c3c7c78fcff00e0f8ff00e000e0f0fff8ffe00ec4e0cef0c7ffc67f00c000ff00ff00ff01c001ff81ff0100010001fc01ff0107810783ff07ff03fef0e1ffe07fe07fe007e0ffc1ffc11e000e001fc03fc000e000e00fe00fe00fe0ff3fff3f033801300130ff3fff3ff000e000e101e13f77007f00fe00fcffc0ff,急ぎ足
fa11fa19ff19ff19ff19fa19fe19ee19ff19ff19fb196210633063f061e02000c03ec07ec07fe07de07de07dc07cc27c467cc63dc637c737c33f813f0030000082d186f186f186f186d186f186f096f09ed0de80c4f0c0f0c0f0e08040800000057f0ffd8f698f698ffdcffd8f0587fd9ffd01ff0ffd0ffb017b016b01490100,押し切り準備
00000000ff01ff81ffc0c0c0e0e060f07ef83cdc3cc83cc038c038c030c030c000000304830783078307c107c007c007c066c076c07ee07ee01e601e600400002000fe11fe1130f030f0faf18af1faf10a71faf18af1faf1f2f802b8fea1fea304001f041f001f001f001f001f001f004e800f000f000f000f001f001f000716,マイル直線
30707a744a604840784078601b66fba4faa4cabcfa9cfa9c0204060cfefcfafc0000f801f803f8030003000300f300f300f301c301030103f803f903f903010000020002000200070007e01fe79fe79f0783070300038003800180018001c0010018001800000000000000003f00bf81bf813e00000000000000000000000000,追込コーナー
00000000ff01ff01fe81c0c1e0e0e0f0fe787c303c003800780078007000000000000c100e1a0f1a071a031b031b031b039b03db83fb83fb83798339831103008080f88ff88fe081c081c88f688ce98f698c698c68cee8cfe8c718c0f88ff88f30c0fc00cf00ff00fd00dd00ff00ff00f700ff00ff00ff00ff00ff003d0031c0,マイル直線
0000000018003c003c007e00f6f8e7f8e7f8c301c301c00380038001000100000000801f801f801f00180018031c0f0c0f0c001e003e803f807bc073c071804030003000f003fc03fe037e0030f020f0f0f3f007fe077e007c0060006000600000c080ff80ff80ff00c000c007e01f601f60007000380038001c001e000e0006,ペースキープ
de0306c306c3fec3fec3fec360c0fec363c220c0f881f001fc03fe079c033c00600060c060f060f860b8609c60cc66cc67ee77ec736c307c387c38381820000000ff01ff07870f830f830d83088318ff18ff08830c830e830fff07ff03ff00010106030603000300030003001380138003800300030003000300030003000100,曇りの日
00018c03feffffffcf0f87078707ff7fffff700e700e780e3c8e1e8e1ffe077e0000c09fc09fc09fc09fe09ff09ff09ff09ff09f00fc01ffb19fb19fa09f008c0000ff80ff80638043c07fe07fe079e079e079e0ffe0ffe00fe01fe0ffe1ff010000030c031c031efbfff9fff8ff031c001c001c000e010f030f830f8303c001,先駆け
0000f81fff1f7f3f7c7ff8ff00f0fcff00e0fcff00c700c777e073fcf19fe00700c000e000fe00fe00fe00c0c0ffc0ff000000fc80ffc0ffc003c00781ff00f88001f9e1ffe07fe00fe00fe0ff817f001e801fc03fc01fe000e000e03fe01f600000ff3fff3f00380038ff3fff3ff8017000f13ff13ff30077007f00f8ff80ff,急ぎ足
8007f83f7f7cfefffcfff8ff00e0f8ff00e0f8ff000e7c0efecceefcc03f000600c000e000ff01ff03c103c083ff037f030003ff030f8307830f031f07ff00e0f001f9e1ffe07fe007e03fe07f801f001ec01fc03fe01fe000e000e03fe01f000000ff3fff3f00380038ff3fff3f70007100f13ff13fff00ff00ff01f8ff007e,急ぎ足
2000f881ffc7ffc7ffc7fc430c43fc430c43fc43fc43ecc7e4c7fec79f87060000f800f830f870f870c060c0e0c0e0c0e0c0c0c1c0c1c7c187c007c001c000c01f183f181f180f7e01ff01ff03ef0fcc1fce0dc601c601c601f701f301730160010085e180e186e186e1ce61ce61ce61ce678e77847700730070007000300030,食い下がり
e2b9f6b90ee80fe8e7e9e6b926b1ee81eeb9a6b9a6b9aeb9aeb9e2f9f2b900888701c72b8179c17fe13fe73fe77fc53f8538c73be77be13ae13aef3bcf3b01083000fe9378f0f8f0f8b1fab19af19af19a718af1faf9faf9fab902a0fea302000e0c1f001f001f001f001f001f005f801f001f001f000f001f001f0017000200,短距離直線
00307f307f383f18301c300e100e1e0f1e0b1e0b0e080c080c081c081808080808000a3e0a7f0a7f0a600b600b604b606b607b603b603b60397e197f093f0000001000100010007e00ff00ff7f7e7f187f18001800180018000c000c000c0004000000000000000000007e00fe00fe83fe830000000000000000000000100018,マイルコーナー
0c000c3b8cbfbf8fbf8fad9f2dbb2d2b2d2b3f3bbf3bbd0b8d8b8c8b8cbb8cf912005700373e3f3f3f3e3f207f207f20732037207f207f203f303f3e7f3f7d00000000100010001000fe00ff3efe7f187f183e1800180018001c000c000c00040000000000000000000000007e00fe80fe837e82000000000000000000100018,中距離コーナー
003f003f0c0f3f0f3f0f2d3f213b212a2d2b2d3f3f3b3f0b0c0b000b003b003b3700773f773f7f3e3f203f207f203f203720332077207720373e373f773f7500001000100010007e007f00ff3f7f7f7e7f18001800180018000c000c000c000c000800080018001800003e007e00fe83fe830000000000000018001800280038,中距離コーナー
30707a745a6448405860786008e07ba67bb44abcfa9c020c060cfefcfaf4000000000000f803f803f80300c300c300f300f3010301030103f903f903f90100000002000200020002e01fe71fc79f0783078307838003800380038001c0018000000000000000000000003e003f803f803f803f00000000000000000000000000,追込コーナー
a281be83b8c3b0c3a0c3a043bfc1bec1a441b447b4c71cc31ec3fec7e287000030fc70fc70c0fee8feecfeec70ec206c20ec306c30ec30cc30cc38fc1cfc00000fe10ff1813f813f0e330c330fff0ccf0fff0cff8fff80ff80fb0ffa0fc20042030f070f07000700070007001380138003000300030003000700070000000000,逃げ直線
003b0c3b3f0f3f0c3f0f213f213b212a2d2b3f3f3f3b2d0b010b000f003b000912001700773f7f3e7f3e3f207f207f203a207f207f203f203f307f3f773e1000001000100010001000fe00fe3efe7f187f183e1800180018001c000c000c00040000000000000000000000007e80fe80fe807e80000000000000000000000000,中距離コーナー
6000ff1fff1fff1f380018003c00fe0fff0f0f0e0f0c0f0c0c0efc0ffc0ffc0fff1fe71c03180310fb19fb339b331b331b339b33fb3903300338033cff3fff3f1c3c1c3c1c3c1c3c1c1c1e1c1e1c7e1cfc1cfc1e781e000e000e000e000f0007000000000000000000000000028007c007c00280000000000000000000000000,右回り
0406c607cfe2c6f2c6d7cfd3cf53cf168927cf37c937c9b6c9b6cfa3c901490014007c867ccf34cb34cf3ccf3cc03dcf3d4f3dcf1def1c8f1c8f1c8f7c8f4404f000f008f308f31cf31cf01cf17cf3346304f905f115f01cf01cf07453744320080008801fc09fc1dfe1cc61ce334e324f324f364f660e64066404c004c00480,貴顕の使命を果たすべく
8c07fefffeffffff87078707ffffffff781e700e300c388c1c8c1ecc1ffc0f7cf09ff09ff09ff09ff09ff09ff09ff09ff09fe0df00fc219fb19d319c019e009c7f807f80638043c04fe07fe07be079e079e07be0ffe04fe007e007e0ffc1ff81031e031e031e033efbfff8ff013c011c001c001c001e030f830f83078103c001,先駆け
8e019e03feffffffcf0f87078707ffffffff700e700e380e1cce1efe0ffc0010c01fe09ff08ff08ff08fe08fc09ff09ff09fc09f00fc01fcb19f319f209e0000fe017f80638043806f807fc07fe07be07be07fe07fe00fe01fe0ffe1ff810300000c001e011e01fef8fff8fff37f031c001c001e010f030f030fc30fc3030000,先駆け
e001f83f7f7cfefffcff00e000e0f8ff00e0f8ff600e7c90fef8eefcc47f000000c000e000ff01ff03c003fe03ff0300030003ff03ff8307830f03ff01ff00e0b0c1ffe07fe03fe03fe0ffc0ff811f001e803fc01fe00fe000e01ce03fe00700cf3fff3f033c00380038ff3fff3f70007100f13ff13fff00ff00fc61f8ff0000,急ぎ足
000000607f707f307e38701c301c381e3e1f1e1a1c181c181c181818181800180000100034fc34fc34fc34c036c0b6c0b6c0f6c0f6c076c076fc32fc12fc0000004000400040004000f800fcfcfcfc61fc607c6000600070007000300038001000c000800000000003000300fb03f803f803f8030000000000000000008000c0,マイルコーナー
10001078ffd8ffc9fff991f9917991219371fff9ff793b39113810781078101800a29fa781e781f783ff8fff8fff89ff09f08fe78fe783e381e381e79fe701208080f88ff98fe181c081c88f698ce98f688c698c698ee8cfe8c718c0f98ff88f30c0fc00cf00ff00fd00dd00ff00ff00f700ff00ff00ff00ff00ff003d0031c0,中距離直線
0000e300e300e300e30063e063f863fc63fc63f8710070003800380038001000800080118009800980018703870f871f873f833d80318001800180018001800118003800b800fe01ff01fe8030c030f0f0f1fe01ff017e0070006000600060000000807f80ff80ff007f0f600f700f700f300038001c001c001e000e00060000,リードキープ
8607e61fe01c6018e01fe01fef00ee1fee3f6c38ec3fec3f0c001c00fe3fc63f00000c040e060e0e060e060c061c061c0618063806384e38fc38fc307c001800e001e001e001e001e001e03fe03fe01fe001e001e001e001e001ff7fff7fff7f1878183818381878dcffdcff0c380c300c300c381c181c181c1c1c1e1c0e080f,追い上げ
00007d327d326c206c607c600c607f767f564fdc7e9c7e8c3f8e078e7ffe71e200000000f803fc03fc03800380f380f380f380f380038003f803fc03fd0300000000000200020002e01fe01fe79f07c707c307838003800380038001c00180000000000000000000000000003f003f80bf81bf81000000000000000000180018,追込コーナー
180018bcfffcffe4fffc99fc99bc99909998fffcfffc9b9c199c18bc18bc188c8020e72be07be07fe03fe73fc77fc63f863ce73fe77fe03fe03fe03fe73b010b2000fe11fef178f070b0fab10af1faf10a719af19a61faf9f2b802a8fea1fe2106001f001f001f001f001f001f001f805e801f001f000f000f001f0017000600,中距離直線
0000fc00ff80ff80e0e0c0f060f874fc3edc3cc03cc038c038c030c0308000000206830783078307c107c007c006c066c076c07ee03ee03ee01e600e00040000fe01fe1130f8f8f0fab19ab1faf10a71faf10af1faf902f802b8fea1fe2100201f1e1f001f001f001f001f000f004e800f000f000f000f001f001f0007000200,マイル直線
00009e019e01bec1fec5fec5fe47fe478e41de03de03ff03cf034c064c064c000000060006fc7ffc7ffc7f0060006000707070f070e038e038c01cc00e800e00000100e11fef9f6f8f6f0eed06ed062d07e783e781e701e701a781ff837f0130000003030701070007000700070007001380138003000700070007000708030b,秋ウマ娘
f307f307f10f600c600cf00ff70de70ce70c661c660c66086f00ff0fff1f810ff33ff31f80078007f03ff01ff71ff71fe71fe61f363b16131f13bf1fff1f011ffe1fce11de19fe3fee3bfe3ffe3fc001c001ff7ffe7ff80fdc1f9e388c108000fcfffc3ffc1dfc19fc19fcf9fcf9fc78fc79fc6f7c6e444c4c4cec4efc47fc41,迅速果断
0000e61fe61fe01dc018c018e01fef1bce19cc38cc18cc18de00fe00fe3f021f0002e63ff61f00070007e03fe01fef1fee1fcc1f6c3f2c133c133e17fe3f821f0000fe1fce11fe1ffe3fee3bee3bfe3fc001ff7ffe7ff80ff80fdc3cce30c0004000fcfffc7ffc1dfc19fc19fcf9fcf9fc79fc6ffc6f444e444cec4cfc47fc43,迅速果断
68106890eef1eef9ecf06cb0fef9fef978f87e98ef916c906cd066d066d040108619c739c43fc72fc725e725e47de77d6719e679c67dc63bc61bcf198d180010e661eff1397039f03bf8eff9e6f924f92721eff9eff927b827b8effbeff900001a0c1e001e001f000f001f001f005f801f001f001f001f000f001f001f000200,非根幹距離
38c0fec3fec3fec338c0f8c0fcc1dec3dec3fac67bc673063203be03de03dc03f000f000f00070c070e070f870f87618770077007300300030e038e038c03800000e000e003f803f017f07f60ee70cc70c070c030e330f3b873b83f980f180c1c030c030c030e0fee0ff63ffe1706030603060306030e030e038e318e71c430c,ありったけ
6810ee91eef16cf868f06cb0fef9f8f978f8ff99ef916c906cd066d066d00000c719c739c43fc72fc725e725e43de739e719e67dc67dc63bc61bc71981188010eff3effb39703ff03ff8eff9e4f926f92f61eff127f027f02ff8effbe79900001e101e001f001f000f000f000f004f801f001f001f001f0c1f0c1f001e000200,非根幹距離
48106890eef1eef9eef16cb0eef1fef978f87ef8fff9ef91ec916c9064d060d08010c719c73fc43dc425e725643de77de719e619ce3dce7fc63fce1b8d1980180020eff1fff939f839f8fff9eff926f92661fff1e7f127f827f827f8effbe38302001e001e001f001f001f001f001f005f801f001f001f001f001f001e001e00,非根幹距離
081008103f927f927f9249924992499249927f927f925db608fe08fe08fe08820000180018001800180018c018f018f398f3d8f1f801f80078003800180000000080c087c08fc08f008e07860786078607830087808fc0cfe0cce018601800003d183d003d003f003f003f0001007f801f007f007f003f003e003e003c003400,中山レース場
00833f833f9f3f9f10df10d99c999c999c880c88068c068c02860206020703030140c147cf47cf470f40cf4fcd4fc94f0d440d44014601c601c20fc30fc30e41002000600060006000400010f031f433f6b30780078003c003e001e00070003000000008f018f018f81080808380f380f3c0f3e0816080708038f038f018f008,アクセラレーション
3f833f9f3f9f30df90d99cd99c991c981e88068c068c068e0206030703020000c147c1478f470f400f40cd4fc94fc9470d440546014601c60fc30fc30f430001007000700060006000100030f433f6b3f7a3078003c003e001e001700030003000080018f018f818f810828083c0f3c0f1c0f1e081708030f038f818f0080000,アクセラレーション
a201aa01bac3b0c3b0c3a043b6c3bfc1a641b645b4c734c33ec3fec7fa87000020c030fc70f0f0e0fee8feec7c6c60ec606c706c30ec30ec38ec381c1cfc001c00c00ff10f3f033f03730f330cff0fff0ccf0cff8fff8fff80fb00fb1ffa00400300070007000700070007001780138003800700070003000300070006000000,逃げ直線
100038c0fec3fec3fec338c0f8c1fcc3dec37ec67b86730637033e03be038800000060006000600070d070f870fc7008770077007300338030c038e038c018000004000e001e003f813f037f0fe60ee70c030c230c330f3b877b83f100f100810000c030c070c070e0fee1ff63ffe37060706070e030e030e138633867180108,ありったけ
7cc0fec30642fec3fec3fec362c0f2c1fa41f2c1e241b2c5b3e79b6718030003ffc0ffc0c0c0ffc07fc07fc07fc00fc07cc01fc0fec0ffc0ffc0fcf878fc0000011801180118017e01ff01ff1fce0fcc01ce01c601c601c61ff33ff33f63004000c080e1c0e1c6e1c6e1ce61ce61ce61ce67c077807700710070007000300030,尻尾上がり
301830183018183e1c7f0c7f0e7f0f3f0f080b080808080c080c080e0806080600003efe3e7e3e7e7060106010601834183c1c3c3c1c3e187618661863100010007c3c7c3e7c3c7c3000300030fe30fe38fe38103c107c186c186e0c460c020c008000fc10fcdcfcd4c0d4c054c07c407c606060606070303038303830181000,イナズマステップ
fcfffcff00f000f0fcfffcff3cf030f030f0e0ffc0ffc0ffe0f3fcf07ff00cf0ff03ff0fff070000ff03ff03c003c003e003ff033f003f00fe03f807f00f000360007880fc07ff07f807f807f8fff8fff8fff8ffe001e3fffff9f731e111e011ff1fff1fe007e007ff1fffffffffffffff3f001e001c003fff1fff1ffc1ff81f,束縛
1008f8fffcfffeff7e3f7c1ff8ff781ff8ff0007fcfff8fff8fff8ff1cc3000300c003c000fc81ff81ff80e383c380c383c780ff87ff83ff80c300c007c003c003000300ff01ff81ffc1c7c1c301c301e301ff01ff01ff01c38103c003c00300c001e001f001ffffffffffff70e070e078e038e03ce03fe01ff00f78073e001e,集中力
20006610f611fe11fe1166d866d8e619ee19ff19f719f619fe19fe19fe1962910000462646264626c726cf36cf3fc63f06064626426642664366c37ec17fc17f00000ef00ef00ef006f006f006f006f006f186d18691c4f1ccf1fcf0fc803880000807ff0f7d8f018f018ffd8ffd8f0587fd9ffd01ff01ff0ffb0ffb01eb0129,抜け出し準備
0008380eff7ffc7ff83f00007e347e347e347e3466347e347e306638763c7618000c0c3ffcf3e07b803f001f001c9e7fdc7dd87ff8eff84f7c4efc5ffcff007c00401866306720ff80ff18ff381c90ff80ff101c98ff98ff18ff18181c18001800000000000e000f01ff01ff80ffc0f3e071e07e413e013c0138003000000000,前途洋々
180018bcfcfcfffcfffc99fc99bc99989998fffcfffcdb9c199c189c18bc188c8020e729e73be03fe03fe73fe73fe63fc63cc739e73be07be03be03be73b073b2000fc11fef170f070f0faf10af1faf10a71faf18a71faf1f2f802b8fea3fe2104081f001f001f001f001f001f001f005e801f001f000f000f001f001f000608,中距離直線
6000f220fe63f863f023f0a3f8b3ff30fe30f63296339e73be73fe73fe23000000001c301cfc3cfe3ff73fb33fb3181b88190c990c8f0c8f0ccf0eee0664020000000000f08ff19ff19f019c011c031c031c011c011c011cf11ff01ff01f000000c0cc80dd01dd01db00fb00fb00e300e00070007000780038001800188000c0,逃げのコツ
6600f611fe117ed06ed066d0e619fe19ff19f719f619fe18fe19fe19e69100000206462646264f26cf3fcf3fc63f06060606466642664266c37fc37fc17f412004900ef00ef006f006f006f006f086f186f186818681c6f1fef0fc8078800080057d0ffd8f798f698f798ffd8f0587fd8ffd0ffd01fd03fb03fb01eb01eb0100,抜け出し準備
48106890eef1eef9eef96cf06e90fef978f87cf8fff9ec91ec916cd066d062d08010e719e73fc43dc425e72d643de73de719e619ce3dce7dc63dce1b8d1981100020eef9fff93bf83bf8fff8eff926f92661eff1e7f127b027b827f8effbe38b00001e001e001f001f000f001f001f005f801f001f001f001f001f001f001f00,非根幹距離
1000fc03df03df03ff07ff0f070efe0f060efe0f060efe0ffe0ffe070f0f0f0e0000060f060f060fe71ff73ff73f070e030e030e03060707070787078703c0010000e000f0007000780038003800f801fc03fc03bc239e738e7f863f063f06061000f87ffc3f7c007c00fc3f0000fc3f983b9833f833f033f033f0773cf60c40,負けん気
f001fc073f3f1f1e1f0efd0fe001e001ff1fff1fec00ee04ff0cff18731000008c118e31fe313c3e180e181f8c3ffe73ff7bfe3fbc3b9c338c3b8c3f8c3f841108780c383c7f3cff1cf39ce3fcfffce3fcff383cf87ffefffe1e581c1018000800000006000e007f80ffc0ffc0f1e070707e303e003e003c0038003000000000,余裕綽々
000000000ff00ff00fb00cb08cb1ccb3c4b78c930e900e901f901b901b98010000000000000f008f008700cf9cdf3cdf7cdc3c480108010c010c010601860086000020006000e000f280fb807b9c631e633ee33df301f301710041004100410000040106e113ef13cf330f020f02098309830dc301c181618371cf30ce304e10,スーパーラッキーセブン
f807fc07be071e07ff0f0e0cfc0f0c0c0c0cfc1f0c1cfc1ffc1ffc1f1c0e1e3e0c0e0c0e0c0e0e1eee3fe63f060c060c060c060c060e0e060e070e070e038403e000f0007000700038003800f801fc01fc03fc03bc239e738e7f8e7f863f061ff87ffc7f3c003c00fc1f0000fc3ff83ff83f9833f831f031f071f0733cf71c64,負けん気
c001c009ff1fff1fff0f00030003f807fc07fe07070203000f00fe07fe07e003c003c013ff3fff3fff1f00070007f80ffc0ffe0f070603000f00fe07fe0fe0070c070c07fc3ffc3ffc3fbf73bf7379317838703c701c7006e000e000e000e0008007f07ff03fe01f000ffcfffc7f001c001ce01ff83f3c001c00f81ff83fc01f,ささやき
00000000fefffefffeff0000000000000000000000000000ffffffffffff0000000000e001fe03ff81cfc0c7c0e3c0e3e0f1c071c07bc03f833f071f07080000000003003fc07fe0ffe0f3e0f060e0e1e0e1f000f000fc007fe03fe01fe000600700ff3fff7ff301f10070007000ffffff7ff803f8039f070f0f0f7e017c0060,二の矢
00000fb00ff00ff00cb00cb38cb7ccb7c4b70e900e900f901b981b98119000000000000f018f00cf00c038cf7cdf7cdf7c583c08010c010c010c01860186000220006000e000f200fb8073b863bc633ee33ff33dfb00710061004100410000000006e117e113cf330f130f020983098309c309c1816183618f71ce308e100000,スーパーラッキーセブン
00007f007f103eb400b47fb47ff47ff460c460e030603060386018300c30080060006000e003f903f903f88040c0c0f0c0f7f807f803f800c000c000c0000000000080808091c09fe01fe71fcf198f198f19800980018001801f001f001f000060007f067f0e7f0c700c308030c030c038e018701c701c380e3c0e1e06060000,ラッキーセブン
0000cff3dffbdffb0898c89bc89bc89b0cc20cc204c30643066386618261800000002480348034803400346e346fb46fb40f340f344030c010c018401800100000000000f83ef83ef83cc300c3005200700070007000613e61be61be60800000008000d00070075007508751c453e45be4db04d804d806d80f880f880f880000,フラワリー☆マニューバ
1080bef0bef9fa19f81978f966796679bbf9bbf9baf9baf9baf9fa79eac02a0000000f00cf7fc77fc73f0730031803188f1f870f070f060f0e0e0e0e0f0c0c0c000000c000c000e000f000f0fe71ff39ff19fe010000008000c000c000c000c0000000001f001f001f001c001c000e004e804f80070007000300030000080008,徹底マーク
00007e387f383e380030ff00ff01ff01380018c018c01cf00cf80e780e38000000060036c03fc03fc03f003f0606c716c316c3166136613660766076000600020000ff01ff81fef180f1d0b1d8b1f8b0f82038001c000c000c800c800e8000000080807f807f8dff0d600d600d700f7006300638071c031c031e030601060000,テンポアップ
0000ff01ff81ffc0c0c0e0e0e0f066f87efc3ed83cc03cc038c038c030c030c003068307830783078107c007c006c066c066c076c07ee03ee01e601e600c0000fe01fe1130b030f8faf19af1faf18a718a71faf00ae0fa7802f802b8fea1fea31f141f001f0c1f0c1f0019001f004f804f800f000f000f000f0c1f0c1f000714,マイル直線
c000c001c01fff1fff0fff0300033007fe07860707000700ff03fe03fc030000c001c003c03fff1fff1fff070007700ffe0f8e0f07000700ff03fe07fc07000000070c07dc1ffc3ffe3fbe37be6378637030703c701ef00cf000e000e000e0000003807ff87ff03f003f00fff8ff001e001cf83f381e1c0c3c007818f83f800f,ささやき
00000000fefffefffeff00000000000000000000000000000000fffffffffeff000000e001fc03fe01cf80c7c0e3c0e3c0f1e0f1c073c07bc03f833f071f070c000001803fc07fc07fe0f3e0f060e0e1c0e1e0e1f000f000fe007fe03fe01fe00700ff3fff3fff3ff10070007000fffffffffffff803f8039f070f0f0f3e013c,二の矢
00000000fe30ff70fe7000600000ff01ff013800188018c01ce00cf00c700e30001000140074c07fc07fc07f000e0c048e3587358775c364c164c064c044000400000000fe03fe03fee380e18061f061f0e1f060f800380018001c001c000c000000004000ff81ff19ff1bc00be00f600f600c700e300638061c071c030e0306,テンポアップ
0840084c084c0cfe7ffe7ffe7f4c18441c4c1cfe1cfe36fe774663466346414000001800180019001900180018f018f318f399f3d901f901f80078003800000000000080c087c08fc0cf00c600860786078780878087c0cfe0cde0986018000000003d003d0027003f003f0003007f003f807f007f003f003f003f007e003c08,大井レース場
00005211de11de11d091d0d9d8d95f185e19d619de19de19de19de19fe19c001000186018607c607cf07cf0f8f3d8639860086048206c206c32e433e437e01300000c480f4e0fcb0fc31ee312e312ef33af3397339031b019e01de01cee048c0000007008f3187718461806180618fe18fc18cc188c18cc58ec78f070f070100,逃げためらい
1880188018f0fff0ffe1ff8138f838f038003cf07cb06c38e718c730c3f081c0000205038f03c777c377c3738f3183318330c33cc77ec37ec076403e073e031800008c038c038c038c038c018ce18cf18cf18ce1c401c001e001e000e000400000000006002600260006000e1f3e1f7e1ffe1ff6004600060006000600060006,大きなリード
00fcf8ff00fc00fc00fcfcff7cf03cf0fcfff0ffc0ffe0f3f0f17ff018f000f00300ff0f070003007f00ff01c303e003ff03ff037f00ff00fc07f00fc0030000600078c0ff07fc07fc03fc01fcfffcfff8fff001e3f1fff1fff1e331e0118001e0fff0ffe01fe03fffffffffffffffffffff001c003effffff3fff1f000f0004,束縛
4430fe3078303830fe10fe107c10ff11ff110c10fe11fe2166f066f0fee1f8810004001f803fc03fc03cc036c066e466ec67cc73c633c633c73b871f831d000c00c0fcd1fe91feb180b180b180b180218001800180018001fe81ff81fe81000000001d001d001d001d001d000d004f804e8006000700070003000300030c000c,差しのコツ
fcfffcff00f000f8f0fffcff3cf03cf0fcffc0ffc0ffe0f3fcf17ff018e00000ff03ff030000ff03ff03ff03c003c003ff007f003f00ff03fc07f00f00030000600078c4ff07fc07fc07fc0ffcfffcfff8fff001e1f1fff1ff71e131e0118001ff1fff3fe01fe01fff1fffffffffffffff1f001c003eff1fff1fff1f00000000,束縛
00f0fcffffff00fe00f800f0fcfffcff00ff00ffe0f3f8f17cf018f000f000300000ff03ff0fff0f03000700ff01ff037f003f00fe00fc0ff00fc00300000000f8c1f8c7f8fff8cff8c7f8c7f8fff8fff8c7f8c788c78cef9ffffe07f800000003fc0fff8fff8fff87ff83ff8fff8fff83ff8fffffffff3fff03c00100000000,末脚
1806ff3fff3fff3f00007e1a7e1a661a661a7e1a66127e126618661c761e761c0000f00ff80ffc1f8e3bc633c671c771e770e77066307e383c3e3c3f381e00061018301cf01ff01ff87f3c7f3c66fce7ecc3c6c3c6c3cc61fc71f838783c700c70e070e070e070e0706078607860f863f063f073f071003000300038003c003c,前のめり
4400fe31fe31fe313810fe113010ff11ff111e100c10fe11663067f067e0fee100000006801f803fc03dc03cc036c46664666c674e23ce33c63bc73b831d031d0000fe90fed1fe91feb180b180b180318021800180018001fe01fe01fe81fe81000c1c0c1d001d001d001d000d004f804e800e00070007000700030003000100,差しのコツ
00f000f0fffffefff8ff00f000fcfcfffcff00ff80fff8f97cf01cf00cf000f000000300ff0fff0fff0301000700ff03ff031f00ff00ff03f003c00300030000f8c1f8c3f8fff8fff8eff8c7f8fff8fff8c7f8c788c788ef98fff8fff8ff0000030003ff87ff8fff87ff83ff8fff8fff83ff8fffff3fff1fff03ff01f8000000,末脚
cc40c440c4c0c6c1e6c3f7c7f747c6c1c6c0c440c440c441e443f467f467040066106e186e186ed86efc6ecc6e18661cee0c6e0c6e1c6e1c6f1c6f1c6f98600004b906fb06ff1fff1ffd1ff906fb04fb04f9063006ff06ff07ff033003100010c17fc1ffe134617c617ef1fff103e1ffe3ffc0ffc1fdc37dc37dc06d406c4008,仕掛け準備
8040cc40cc40c6c0c6c0c7c1f747f6c7c6e1c4e0c4e0c440c440c441f447f44760006c186e186e1866d86efc6ecc661ce60c6e0c6e0c6e1c6e1c6e1c6f1c6680000006fb06ff06ff0ffd1ffd1ff904fb04fb04f9063006ff07ff03fe03300110000441fec37fc100e100e1fff1ffe117e1ffe3ffc0ffc0ffc3fdc3fdc0edc0cc,仕掛け準備
ff11ff71ff71ff71c341c301c200c000e000e00060c070e038f0387038700000003e803f803f800f000c080ece7fceffcf7f070e030601060007000700070000006008e018e0f8c3fc83fe01be019c019801b801b00130c030e030e030e02000007f007f007f00700030103018301c381e380e3c077e03ee03e781c300c30000,ワンチャンス
cc00cc61fe6170607060fc613060ff63fe630c60fc61fe6067c0e7c0fe83e0030000003800fe00fe00f700b300bb001b9819189b189f1c8f0fef0fee0764000000000000f08ff19ff19f019c011c031c031c011c011c011cf11ff01ff01f000000c0cc80dd01dd01db00fb00fb00e300e00070007000780038001800188000c0,差しのコツ
cc40c440c6c0c6c0c6c1f747f6c7c6c1c6e1c4e0c4c0c440c441c443f447f4472e182e182e182c1826dc6ecc6e1cee0cee0cee0c6e0c261c2c1c2f1c2f1c268806db06ff06ff0efd1ffd1ff904fb04fb04f904f9063006ff07ff03ff01100110c1ffc1ff4100610061fe71fe6102610661fee3ffc0ffc1fdc37dc07dc06dc06c,仕掛け準備
00f0f8fffeffffff00f000f0fcfffcfff8ff00ffc0fff0f3f8f07cf018e000c00000ff0fff0fff0300000000ff03ff03ff031f003f00fe00f80ff00fc0030000f8c1f8c3f8cff8eff8c7f8c7f8fff8fff8eff8c7f8c78fc78fef9cfff003e00183ff87ff8fff8fff87ff83ff87ff8fff83ff83ff8fffffffffffff01c0018001,末脚
3e8f369f269b02930291039133b173b1739162916291229b3e9f3c0e180c000007180f1c0d1e0d1e0c1c0c180c981c980c180c180c180d180f9807980708000000e040e040e06460ee60ef6063e043e04fe04e604c60cd66cf6ecf67866400000700030003006086f0cfb0cfb3cd9389f30ff00ff00f008000c000c000800080,G00 1st.F∞;
84c3e4e37ec27ec3fee3e6e32ee2fee3fe23a7e3a6c324c364e3f4e3f4c6000031bc79bc7de44de44ffc47bcff98fb90339cfbbcfdbc739c339c31bc309c20840f460fcf01cf01ef81ff8fff8fff89ff09c28fcf87df81c381c39fdf9fcf00400306070607000700030007001780178003000700070007000700070007000000,根幹距離
fc03fc0370c0fcc3fcc3f8c0ff47de439e43ff070607fe03fc030403fc030403060006e07ffc7ffc7ffc60006000603060f070f038e03cc03cc01e800e80000000c10ee18fef8f6f0f6f06ed066d07e503e701e701e701a781ff83ff037100000006070607000700070007001780178007000700070007000300030003000000,春ウマ娘
6000ff1ff80ff001f001f30f1b0efb0f3b0e1b0efb8ffb8ff3870380ff1f0700000ec33fff30ff38ef39e731fe3fff1f1f1efe1fdf1ff71ff61ff607e6030002fe3dfe7f067006700670f677366636663666f627f67706700e70ce7dfe7f02200002f8fffc03dc3fc87ff063f87f9c779e7f1c07f87ff87f983f183f98ff8841,直線回復
0848084c08fe7ffefffe7f4c1c4c1c4c1cfe1cfe36ee364c67466346414200000000180019001900190018f018f018f398f3d9f1f801f80078003800180000000080c087c08fc08f008607860786078207870087808fc0dfe0dce018601800003d183d003d003f003f003f003f007f801f007f007f003f003e003e003c003000,大井レース場
ce00ce00cb00c300c363c773cef3cec6dcc6d8e4d8e4d194dbd4dff4def4c6e4200020002000200038a33ca7bea7b6a5a6ada6a9a6e9a6edb6ed3eef3d6729428007800f800f800d84cd84ed85ef8567876d876d87698769876d836f836f834300100010001000108993ddd3de73127212739e739e738272c6f69ed79cd78c95,Shadow Break
00409f409f419fe19fe118e0186c184c1844184618461f439fc39fc19f800000000810083208330833080318833982798279c268c008600873083308330800080000068006c006800600064e06dfa6dfb69f3e0f1e001e800e8006c006800000000000180118e119e011e081048184c1e6c1e6e1c3610371e131e139e0190000,コンセントレーション
381cfcff1c1f1e1fffff1c1f181f383fc00f800ffcfffcfff07f70773ce30c8300c001c001ff80ff83ff80c780c381c381c380c783ff87ff00e007c007c003c003000300ff81ffc1ffc1e301c301c301c301e301ff01ff01ff00038003c003c0f001f001fffffffffffff0e1f0e070e070e078e038e03ce01fe00ff0077e037e,集中力
3c8c3c8c3ccc3cee3cff3cff3c873cc73cff3cfe3ccc34cc32c676c3fcc330c301e081e181e181e181e381ff81ff01e001e001e180e180e180e187ff87ff87ff00c070e070e0706070607fc07fe000e000f000f0f0e1f0e1f0e1ffe1ffe1ffe1e0fff0fdf001fc03fc0371fc63fe66fa64f264326432643267326638603c403c,脱出術
3fc43fc4a7c5a7c5bec5bec586c58ec5bec5bec5a2c5a285228422c23bc33a83f840ffc01fe00ff0fd70cd18fd18fdc0fdc0fd80fd00ff00fd80f9c0ffe0ff600000000e1f1e1f1e1c181c001c000d000fc00fc00fe007f003fc033e013e00040003000700ff80ff80ffc0e3c6e1c760c770037001780038001e001f000f0007,別腹タンク
08039c1fff1f3e1f3e1bbe1bbe1fbc3fff39c000fe1ffe1ffc1f781c3e0f0407000004000e060e0e0e0e061c061c061c0618063806386c387c387c001c0000001800fc3fdc1f0e070e060e060f0ffe7fec7f0c070c060c060c060c0fec7fec3f000030383038f0fffcfffefffeff783838383838380030007000f03ff03f000f,勢い任せ
00001fc21fc31fe31ff79fff9fc39fe19fff9fff1f77193319339971fff198f0006040e0c0e1c0e1c0e1c0e7c0ffc0ff00e0c0e1c0e1c0e1c0f1c3f9c3ffc3ff000070e070e070e071e073c07fc07fe000e070f0f0e1f0e1f1e073e07fe07fe03000f0fff0fcfc01fc03fc0373fcf7ff76727432743274327632733a703c703c,脱出術
c600ce00cf00cb00c300c373c7f3cec6dcc6d8e6d0f6d3b6dbd6cff64ef40400200020002000200030003ca7bcafbeafa6ada6eda6eda6edb6ed3c6f3d4700008003800f800f800d800d85ed85ef85ef856f876987698769876f836f83270000003000300030003000309db39cf3b6723e739e738e73c6f2d6f7def79cd70000,Shadow Break
05e005e01fe03ee01fe015e015e01e001fe01fc01fe01de0dde0dfe095e00000f301f331b278b378f37dfb551bd54095f395f155f35d535dd36cd16843200000120c12dfbedfbecdbc88b88fbadbbecfbe4f9e4fba8f928f929f921f12040000e123e32327e3e3e3e0e32123e7232723e333e3f9e3e9e0e8a3bbb73ba3330000,汝、皇帝の神威を見よ
04c3e4e37ec27ec3fee3e4e32ca2fee3fe23b7e3a6c326c324e3e4e3f4c624c031bc79bc7de44de44ffc47fc7f98fb9033b833bcf9bc739c339c31bc30bc20840e469fcf01cf81ef81ff8fff8fff89ff09c28fcf8fdf81c381c381df9fcf01400004070407000700070007001780178003000700070007000700070007000000,根幹距離
00c11fc31fe31ff79fff9ff39fc19fc39fff1f7f1f3719331973fff1f9e100c000e0c0e1c0e1c0e1c0ffc0ff80ff00e000e0c0e1c0e1c1e1c3ffc3ffc1ffc001000070e070f070f07fe07fc07fe003e000f0f0f1f0e1f0e1ffe1ffe1ffe140e07000f0fff000fc01fe03ff0373fc77fe76727432763277327732733a703c701c,脱出術
9f01ce0f8f0f9f0fff0dce0ddf1fff1eff0ce000ff0fff0f380c180c9f0f870f0000060607060707030f030e031e031c031c031c073c663cfe387e307e001c00f83ffc3fdc0f8c070e060f06ce7ffe7ffe3f0c0e0c060c060c060c07ec7fe47f303830383038703cfefffeff783c383838383838381038003000f01ff03fe03f,勢い任せ
fc0ffe1f0e1c0e1cee1dfe1f0618fe1ffe1ffe1fc619860f860f860ffe3e7f1c0008380f380f1806180618061c0e1c0e1c0e0c1c0c1c0e1c0e1c0738073800008c3f8c318c398e3f9f3f1e00cc7fec7fec07fc07fe7ffe7fe26fe02fe03f8039c006c0060000000000000000000007c007c000000000000000000000c006c006,良バ場
c000fe1ffe1f06180618fe1f0e1c0e1cfe1fee1dc61f860f860fee1fff3c0f000028382e380f3807180618061c0e1c0e1c0c1c0c0e1c0e1c0e1c061806180000c43fcc31cc3fdc39de399e1f0c00cc7fcc07fc7ffe7fdf3fcf3fe02f803f0010800380030000000000000000000000c000c000c0000000000000000080038003,良バ場
c000c001f01ff81fff1fff0300037007fc07fe07060703000700ff07fe07fc03c001c001e01ff03fff3fff0700076007f80ffe0f060f03000700ff07fe0ffc0700070c079c1ffc1ffc3ffe37be733c7378707038703c701ef000f000e000e0000003007ff07ff87f000f00fff8ff003e001cc01ff83f381c1c007c0cf81ef83f,ささやき
fffcfffcfffcfffc7ffc3ffc0388038803fc03fcff9ff38ff389f7f9f77c933800fc80ffe0ffe007c0ffc0ff00e0e0ffe0ffc0ff00e0c0ff00f800f800fc00fc1f001f001f001f007f007fe070e0ffe0ffe07fe07fe07fe070606020000000007800f803f80380011e001e1c1e781e781e781e781efe1eeebe0ffe07fc037800,闘争心
c001c003ff3fff3fff1f80070007f80ffc0ffe0f070603000700fe07fe0fe00f80038007fe7ffe7ffe3f000f000ef01ff81ffc1f0e080e000c00fc0ffc1fc01f100e180ef83ff83ff87ffee7fee7fce2f070e078e078e009c001c001c001c001000ff0fff0ffe0ff001ef8fff8ff00380038c03ff07f780038007000f07fa07f,ささやき
02004f004f0049004100c361c773cf734ee24ce248f249d24bd24ff24ff2062000001000300030003000bcd3bef7bef7b2f4b2f4b3f4b264b665be679c6704030000800780078005800486e487e78767876f836c836c836c836d836783270000000000100010001000108c919ef39e731a739f73cf73c37242f6ded79ed78804,Shadow Break
0000f307f307f10f600c600cf00ff70de70c661c660866087f007f00ff1f810f0002e33ff31f80078007f01ff01ff71ff71fe61fe61f361b1e13bf17ff3f811f0000fe3fce31de39de3fce3ffe3ffe3fc001ff7ffe3ff80ff80fde3cce30c0000000fcfffc3ffc1dfc19fc19fcf9fcf9fc79fc6ffc6f444e444cec4cfc47fc43,迅速果断
81ffffff76800080c0f9c3f9c3f8601ef0fffcff0f7f877fe3ff63ce038c000c0300c3efc30fc32f436e416e40ee400e40fe40fe400ec00fc18fc1cf408000003f007fe01fe0dfe0de605e605e601e60ff61ff611ee01ee01fe00f2007000300803fe33fe73dc739c739c77dc7f9e731e733e73f7f3e3f1e3e1ffc3f08330000,深呼吸
00fefcfffc0000e200f78ef39cf18818c0ffe8ff1c7e0efe0effce998f180018070007ef870f870f876f876e87ee800e87fe87fe801e800f830f830381e1008006007f801fe05fe0de60de615e601e60ff61ff611fe01fe01fe01fe00f0003000000e33fe73fc719c719c77dc7f9e731e731e733ff3f3f1f3e1ffc3ff83f8001,深呼吸
e2b9feb90ee80ee8e6e9e6b9a6b1ef81eeb9a6f9aeb9aeb9afb9e3b9f0b900808779cf7b8179c13fe13fe73fe73fc53f8538c73be17be13be13bef7b4f3a00083000fe9138f8f8f0fab1fab1faf18a71faf10af1faf902f802b8fea1fea300200f0c1f001f001f001f001f001f005e801f001f001f000f001f001f0007000200,短距離直線
0000c001c009ff1fff1fff0f00030003f807fe070f0707000f001e00fe07e0030000c003c013ff3fff3fff1f00070007f80ffe0f0f0607000f001e00fe0fe00700000c078c07fc3ffc3ffe3fbf73fa7370307038701e700ef004e000e000e00000030007f07ff03fe01f000ffcfffc7f001ce01ff83ffc1f1c003c00f83fc01f,ささやき
f100f941fe43f843f043f063ff60ff60f222fa23da638e619f61ff63f143000010c078fc30e07fecffec7fec38ec306c30ec386c18ec18ec188c1c0c0cfc0c0001c11ff1813f833f0f330f330fff0cdf0fdf0cff8fff86ff80fb00fb1ff200420306070607000700070007001780138003000700070003000700070000000000,逃げ直線
00fc7ffcf7ecf7ecfffc07f003e063c803fc7ffcff9ff78ff78efffeffff0130007800fec0ffe0ffe0ffc0ff00f800f8f0ff00e0c0ffc0ffc0ff00f000fc007800000f001f001f007f00ff00fbe0ffe0ffe1f0e0fff0fff07f200000000000000000f801f003e0038c111e381e781e781e781e7a1eff1eeffc2ff80ff8030000,闘争心
f781f783f783f5c1e5e1fde1ffc1f7c1f7c1f5c1f5e135e1f7e1378117818181000008e01df83ff83fb837cc31cc31ce31ce306e306cb07cf07cf03ce030000000ff03ff07ff0f830f830d831cff18ff18ff18830c830c830e830fff07ff03ff030b03090300030003000300030013801380030003000300030003000309030b,晴れの日
0200f2310ef80ee8e6e9e6f9a6b9aeb1efb9a6b9a6b9aeb9aeb9aab9f2b9e0998000cf03e73bc13bc17fe13fe73fc57f8579c73bc73bc17be13be13bef7b6f7a2000fe11fe1170f070f0faf10af1faf10a71faf10af19af102f802b8fea1fea304001f001f001f001f001f001f000f004e801f001f000f000f001f001f00070c,短距離直線
